removed_subject,converged,optimizer,Intercept,Intercept__difference_from_full,"C(condition, Treatment(reference='Neutral'))[T.Standard]","C(condition, Treatment(reference='Neutral'))[T.Standard]__difference_from_full",sequence_c10,sequence_c10__difference_from_full,subject_accuracy_z,subject_accuracy_z__difference_from_full,item_entropy_z,item_entropy_z__difference_from_full,subject_mean_models_z,subject_mean_models_z__difference_from_full,models_within_subject_z,models_within_subject_z__difference_from_full
63873,True,lbfgs,73.13970807968012,0.04423018672859769,4.891651431049538,-0.35513718998828914,-0.4422717954229343,-0.004200202760594907,0.5957731734355565,-0.100279273572356,-2.5012425454550313,-0.013814206483459213,-1.9996805200070955,0.24112080325881746,-0.4840736686833518,0.0005246357324397155
63884,True,lbfgs,73.17367881578859,0.0782009228370697,5.163586315890057,-0.08320230514777016,-0.4404197283435506,-0.002348135681211172,0.6601432141282613,-0.0359092328796512,-2.4745333853078533,0.012894953663718844,-2.2235934556027166,0.017207867663196375,-0.49113941724500526,-0.006541112829213769
63885,True,lbfgs,73.01243116540637,-0.08304672754515252,5.157868467434018,-0.08892015360380867,-0.4312211848202811,0.006850407842058315,1.0315629638330013,0.3355105168250888,-2.5035504525318593,-0.016122113560287143,-2.5841378790354588,-0.3433365557695458,-0.47813658476462323,0.006461719651168263
63954,True,lbfgs,73.4010675103275,0.305589617375972,4.926022329552314,-0.32076629148551294,-0.4306053839577299,0.007466208704609512,0.7212430048763525,0.025190557868440044,-2.478592361960536,0.008835977011036,-2.080674060043775,0.160127263222138,-0.4968835892897821,-0.01228528487399061
63969,True,lbfgs,73.1064290664786,0.010951173527075753,5.110666069396702,-0.13612255164112508,-0.4494293961863426,-0.011357803524003174,0.6870107940044916,-0.009041653003420858,-2.4858978706033583,0.0015304683682137998,-2.159679710610626,0.08112161265528695,-0.48705160767685557,-0.002453303261064077
63977,True,lbfgs,72.90670893692918,-0.18876895602234356,5.39432090546126,0.14753228442343325,-0.46291472298758496,-0.024843130325245544,0.5595289068503609,-0.13652354015755153,-2.4759095881070046,0.01151875086456755,-2.0307903234785374,0.21001099978737559,-0.4821333864986718,0.002464917917119669
63978,True,lbfgs,73.10569220349011,0.010214310538586346,5.071912421113622,-0.17487619992420456,-0.43920505672434285,-0.0011334640620034309,0.7143482284448612,0.018295781436948766,-2.4992477549727434,-0.011819416001171312,-2.151025206751091,0.08977611651482187,-0.48402625623133316,0.0005720481844583292
64012,True,lbfgs,73.07881848907917,-0.016659403872353096,5.3563456118929444,0.1095569908551175,-0.4623143497759024,-0.024242757113562996,0.806319610523161,0.11026716351524857,-2.500225876269838,-0.012797537298265826,-2.2749768480357306,-0.03417552476981767,-0.4751516402325142,0.009446664183277276
64037,True,lbfgs,73.18401099167846,0.08853309872694126,5.187371864930581,-0.05941675610724584,-0.4463189384397047,-0.0082473457773653,0.8004202143614413,0.10436776735352882,-2.485740495521681,0.0016878434498912576,-2.3707699277314727,-0.1299686044655597,-0.48699216112985594,-0.0023938567140644462
64038,True,lbfgs,73.17176914143315,0.07629124848162405,5.174049400151075,-0.07273922088675189,-0.43640283451393846,0.0016687581484009506,0.7044808392809234,0.008428392273010954,-2.5137163061777366,-0.026287967206164442,-2.2882529574047727,-0.04745163413885978,-0.48269951999981064,0.0018987844159808476
64039,True,lbfgs,73.07805387810947,-0.017424014842049473,5.4258912958935746,0.1791026748557476,-0.44546878055572586,-0.007397187893386448,0.7360002706622519,0.039947823654339465,-2.5078899576529716,-0.020461618681399507,-2.3618628025094,-0.1210614792434872,-0.4860380038268121,-0.001439699411020623
64065,True,lbfgs,73.16050599042659,0.06502809747506433,5.484057298879142,0.2372686778413149,-0.4354640097432002,0.0026075829191392064,0.501082455712819,-0.19496999129509351,-2.5058468829608933,-0.01841854398932119,-1.9335959958774434,0.3072053273884696,-0.4848462293433342,-0.0002479249275427198
64066,True,lbfgs,73.10299638871076,0.007518495759242683,5.125365134402233,-0.1214234866355941,-0.45747141988994766,-0.019399827227608246,0.6679810418663509,-0.02807140514156159,-2.478897720161823,0.008530618809749146,-2.200089136935583,0.040712186330329914,-0.4819200060070721,0.002678298408719415
64105,True,lbfgs,73.10198679055077,0.006508897599246666,5.50391665558717,0.25712803454934274,-0.4391536891457572,-0.0010820964834177826,0.6339654471917235,-0.062086999816188926,-2.492322617180807,-0.004894278209234937,-2.2572669233334675,-0.016465600067554487,-0.4839480326670085,0.0006502717487830156
64116,True,lbfgs,73.10221679947374,0.006738906522215871,5.239685342024216,-0.007103279013611186,-0.4577938539117619,-0.0197222612494225,0.6953657267601824,-0.0006867202477300882,-2.485444545021204,0.0019837939503681845,-2.2364796608896027,0.004321662376310265,-0.483993502554054,0.0006048018617375028
64123,True,lbfgs,73.14194752361303,0.046469630661505335,5.211611770126826,-0.03517685091100109,-0.4483043890082343,-0.010232796345894912,0.7247095610103259,0.028657114002413442,-2.473527445130982,0.013900893840590012,-2.28988448022691,-0.049083156960997076,-0.4870378134154295,-0.002439508999638018
64159,True,lbfgs,73.0795277710645,-0.015950121887016167,5.466224466312427,0.21943584527460036,-0.4132688391836493,0.0248027534786901,0.7999970036863024,0.10394455667838998,-2.441989244781976,0.04543909418959613,-2.2161115711912776,0.024689752074635418,-0.4826787887505037,0.0019195156652878076
64189,True,lbfgs,73.06107070906945,-0.03440718388206676,5.489601649995737,0.2428130289579098,-0.4423214398863854,-0.004249847224045977,0.913198750969541,0.21714630396162848,-2.4884735853972844,-0.001045246425712243,-2.2963508102156784,-0.05554948694976547,-0.5285061267928228,-0.043907822377031336
64222,True,lbfgs,73.02236008067572,-0.07311781227579672,5.66724967622457,0.4204610551867427,-0.4256941239368811,0.012377468725458307,1.120114622330065,0.4240621753221526,-2.4739619963300914,0.013466342641480722,-2.3815018005819377,-0.14070047731602475,-0.447795792166243,0.0368025122495485
64258,True,lbfgs,73.46419399036503,0.3687160974135111,4.817268368043128,-0.4295202529946991,-0.4375229140219592,0.000548678640380218,0.4982744410656074,-0.19777800594230505,-2.4808458672066487,0.0065824717649234366,-1.9381379326774915,0.3026633905884215,-0.49063811063598234,-0.0060398062201908465
64270,True,lbfgs,73.21249517074911,0.11701727779758642,5.150372490350698,-0.09641613068712918,-0.4554338864046521,-0.017362293742312684,0.8288078431158221,0.13275539610790965,-2.4585071561233867,0.028921182848185456,-2.2433468654644093,-0.0025455421984963422,-0.5024009838187465,-0.017802679402955046
64312,True,lbfgs,73.17786402563564,0.0823861326841211,5.152474659967243,-0.09431396107058365,-0.4411291401791542,-0.003057547516814807,0.6378326478695532,-0.058219799138359285,-2.484605318030325,0.0028230209412472007,-2.199974128442814,0.040827194823099155,-0.4894276458429344,-0.004829341427142919
64363,True,lbfgs,72.76391568122327,-0.3315622117282544,5.568406521661065,0.32161790062323803,-0.4423440786690402,-0.004272486006700771,0.7597488543121556,0.06369640730424309,-2.497082770889749,-0.009654431918177053,-2.1028266209464617,0.1379747023194513,-0.48766747850665265,-0.0030691740908611598
64369,True,lbfgs,72.99386242095237,-0.10161547199915333,5.121169338602179,-0.12561928243564768,-0.4421331045615349,-0.004061511899195458,1.0964919600378364,0.400439513029924,-2.4986182602900042,-0.011189921318432106,-2.662609940132211,-0.421808616866298,-0.48125148040021126,0.00334682401558023
64386,True,lbfgs,73.12548330598203,0.03000541303050852,5.449678591222992,0.20288997018516497,-0.4087007431593509,0.029370849502988516,0.6081989108640267,-0.0878535361438858,-2.4545405401296536,0.0328877988419185,-2.0544706921908276,0.1863306310750854,-0.4774958005542065,0.007102503861585008
64388,True,lbfgs,73.15116442842893,0.055686535477406096,5.345269440621219,0.09848081958339172,-0.39844979686149273,0.03962179580084668,0.46099190819003194,-0.23506053881788053,-2.4413484909007606,0.04607984807081156,-1.984896443628822,0.2559048796370911,-0.5531976219413693,-0.06859931752557785
64392,True,lbfgs,73.41590620915015,0.32042831619862966,4.9698947928816475,-0.27689382815617947,-0.44324046006453366,-0.005168867402194244,0.8054704048613989,0.1094179578534864,-2.504543406765219,-0.017115067793646688,-2.5035407246691785,-0.26273940140326557,-0.48093826167915,0.0036600427366415
64438,True,lbfgs,73.10790274754932,0.012424854597796298,5.327810370776571,0.08102174973874376,-0.4480388149665917,-0.009967222304252288,0.6502426365816791,-0.04580981042623333,-2.459717449539765,0.027710889431807217,-2.1589757790410617,0.08182554422485122,-0.5266075286303666,-0.04200922421457515
64450,True,lbfgs,72.89319071419648,-0.20228717875504287,5.449593525302225,0.202804904264398,-0.4345433067064736,0.0035282859558657953,0.7729359770422188,0.07688353003430637,-2.5064138187183755,-0.018985479746803424,-2.184887383391165,0.05591393987474813,-0.4789034036208322,0.005694900794959268
64615,True,lbfgs,73.11729208248103,0.021814189529507644,5.035456609440984,-0.21133201159684312,-0.4178931457586516,0.020178446903687808,0.6661877990967427,-0.029864647911169717,-2.503271785378765,-0.01584344640719282,-2.1108399699624525,0.12996135330346048,-0.4838856522376144,0.0007126521781770645
64652,True,lbfgs,72.91950509213221,-0.17597280081930933,5.376986021591487,0.13019740055366036,-0.4328966854538112,0.005174907208528201,0.39539846864613504,-0.30065397836177743,-2.492441813095679,-0.00501347412410702,-2.1803299761935224,0.06047134707239055,-0.46458211842088887,0.020016185994902624
64685,True,lbfgs,72.97620932577445,-0.11926856717707324,5.371165675489463,0.12437705445163605,-0.47202070661095485,-0.03394911394861544,0.6936892373660737,-0.0023632096418387816,-2.4880061232484025,-0.0005777842768304176,-2.285911534366994,-0.04511021110108082,-0.444978189822848,0.03962011459294351
64695,True,lbfgs,73.14712979123637,0.05165189828484529,5.337138136155139,0.09034951511731215,-0.3876969086411771,0.0503746840211623,0.5074884360091679,-0.18856401099874454,-2.5017066723174,-0.014278333345827843,-2.03132852672444,0.2094727965414731,-0.4526875178799342,0.03191078653585727
64707,True,lbfgs,73.10636137828503,0.010883485333508247,5.052729688401035,-0.19405893263679186,-0.44470252541171024,-0.0066309327493708214,0.7164612132610925,0.02040876625318,-2.496566457823289,-0.009138118851717003,-2.140656938402966,0.10014438486294708,-0.4838125921786351,0.0007857122371563996
64708,True,lbfgs,73.19594428959444,0.1004663966429149,4.719947442934485,-0.526841178103342,-0.4440025802828302,-0.0059309876204907686,0.1271589394876279,-0.5688935075202846,-2.5041880360821933,-0.016759697110621197,-2.031413985654103,0.20938733761181005,-0.4909652595981439,-0.006366955182352418
64776,True,lbfgs,73.07701938818278,-0.018458504768744888,5.374524464560204,0.12773584352237677,-0.43542958701682666,0.002642005645512757,0.739210849420294,0.04315840241238156,-2.4706720021447803,0.016756336826791784,-2.3288132711864153,-0.08801194792050238,-0.49120023767088833,-0.006601933255096837
64793,True,lbfgs,73.10793611198883,0.012458219037313256,5.101861801700665,-0.14492681933716156,-0.4313575099311868,0.006714082731152593,0.6628264171191313,-0.033226029888781206,-2.454287472082016,0.033140866889556087,-2.1401101726574536,0.10069115060845935,-0.488612003632563,-0.004013699216771527
64806,True,lbfgs,72.99306205986416,-0.10241583308736324,5.122758788075342,-0.12402983296248493,-0.4465423579973662,-0.008470765335026775,1.0964919600372307,0.40043951302931824,-2.4922741747489,-0.004845835777327778,-2.662609940134658,-0.42180861686874493,-0.5050196773776623,-0.0204213729618708
64843,True,lbfgs,73.0859531950129,-0.0095246979386161,5.0403392779825005,-0.20644934305532647,-0.4487842508496684,-0.010712658187328972,0.770108807240603,0.07405636023269058,-2.487529942958156,-0.0001016039865837648,-2.241543787900308,-0.0007424646343952013,-0.48670702757429396,-0.002108723158502468
64869,True,lbfgs,73.21475663416655,0.11927874121502668,5.127478443180373,-0.11931017785745368,-0.4519488213061549,-0.013877228643815465,0.673820256915288,-0.02223219009262445,-2.5122165768350126,-0.024788237863440532,-2.2889591384305548,-0.04815781516464179,-0.4798392620163867,0.004759042399404778
64871,True,lbfgs,73.27850827001146,0.18303037705993574,5.042458993186149,-0.20432962785167774,-0.43016089652235445,0.007910696139984963,0.6010758808594682,-0.0949765661484443,-2.515575512663776,-0.028147173692203875,-2.1925876199816687,0.048213703284244236,-0.48552606839936935,-0.0009277639835778562
64882,True,lbfgs,73.09809635539176,0.002618462440239,5.2558622179141965,0.00907359687636955,-0.4183042618676077,0.019767330794731697,0.6915455218643839,-0.004506925143528573,-2.5099280764211613,-0.02249973744958922,-2.247255857306091,-0.006454534040178039,-0.48401344406853386,0.0005848603472576319
64888,True,lbfgs,72.92124628293008,-0.17423161002143672,5.396643465809021,0.14985484477119382,-0.43081589605809334,0.007255696604246076,0.5045359366683437,-0.19151651033956874,-2.4861943142312986,0.001234024740273565,-2.2371290555250014,0.003672267740911561,-0.484213382145085,0.000384922270706467
64890,True,lbfgs,73.25515341915745,0.1596755262059304,5.070198692657466,-0.17658992838036092,-0.42516351062814417,0.012908082034195245,0.6122001533112639,-0.0838522936966486,-2.497082434649712,-0.009654095678139907,-2.198234722136918,0.04256660112899491,-0.4860181591924775,-0.0014198547766859915
64919,True,lbfgs,73.0912850360376,-0.004192856913917353,5.342527260782054,0.09573863974422725,-0.4611694368768115,-0.023097844214472085,0.7530716081563281,0.057019161148415654,-2.5061056208191266,-0.01867728184755446,-2.234924599992963,0.005876723272950191,-0.486704104485218,-0.002105800069426511
64923,True,lbfgs,73.03112011651078,-0.06435777644074392,5.3156730091719275,0.06888438813410058,-0.441688216890708,-0.003616624228368559,0.7312164658153112,0.03516401880739872,-2.5040143355352327,-0.016585996563660554,-2.258651911446188,-0.01785058818027485,-0.4880264373648594,-0.003428132949067908
64926,True,lbfgs,73.10265209907446,0.007174206122940063,5.3312130672639055,0.08442444622607859,-0.4328563698797885,0.005215222782550932,0.6688309473913735,-0.02722149961653897,-2.507456651309761,-0.020028312338189025,-2.2312585514625933,0.009542771803319638,-0.4856768551075906,-0.0010785506917991294
64939,True,lbfgs,73.0708772717338,-0.024600621217715002,5.553214000653402,0.30642537961557537,-0.4378472890252837,0.00022430363705572276,0.7164141998799143,0.020361752872001815,-2.49136132851306,-0.003932989541487686,-2.4234867491247587,-0.18268542585884573,-0.48751107319231274,-0.002912768776521246
64947,True,lbfgs,73.08643986587616,-0.00903802707536272,5.469030079682359,0.22224145864453249,-0.4611941553217334,-0.023122562659393997,0.6718745588768167,-0.02417788813109578,-2.507162811509918,-0.019734472538345926,-2.3594405248799584,-0.1186392016140454,-0.48495183992194346,-0.0003535355061519696
64973,True,lbfgs,73.069586659607,-0.025891233344523812,5.490764839022626,0.24397621798479907,-0.43470163170531884,0.003369960957020579,0.7302805249395601,0.034228077931647616,-2.462216705305799,0.02521163366577328,-2.389750922208273,-0.14894959894236015,-0.5065184287473262,-0.02192012433153473
64976,True,lbfgs,73.3225759755798,0.2270980826282738,5.017345674386182,-0.22944294665164477,-0.4553588333415351,-0.01728724067919568,0.6322883639136871,-0.06376408309422532,-2.51650807915135,-0.02907974017977777,-2.317315904014112,-0.07651458074819883,-0.4775184621635733,0.007079842252218194
65018,True,lbfgs,73.67716056288904,0.5816826699375213,4.645869733851603,-0.6009188871862241,-0.4280394536279228,0.010032139034416632,0.584116969450987,-0.11193547755692546,-2.504088699788434,-0.016660360816862063,-2.215374949670287,0.02542637359562594,-0.484445846444032,0.00015245797175950093
65021,True,lbfgs,73.06756417079795,-0.027913722153570575,5.174425579642822,-0.07236304139500493,-0.4589512509179156,-0.020879658255576194,0.7640547239945955,0.06800227698668304,-2.4395246699859694,0.04790366898560272,-2.347949411159488,-0.1071480878935751,-0.5620434889207,-0.0774451845049085
65028,True,lbfgs,73.3250708082041,0.22959291525258152,5.0090965736413695,-0.23769204739645744,-0.4294147336810042,0.008656858981335225,0.7368117592798602,0.040759312271947734,-2.4881953468339044,-0.0007670078623323029,-2.1326738563699177,0.10812746689599528,-0.46205597495416795,0.022542329461623545
65048,True,lbfgs,73.0940719268717,-0.0014059660798153573,5.250494351973742,0.003705730935915419,-0.4517553067634347,-0.013683714101095312,0.695969856910012,-8.259009790045901e-05,-2.469277919446994,0.018150419524578076,-2.2412342651545907,-0.000432941888677707,-0.48578901816288184,-0.001190713747090344
65063,True,lbfgs,73.15091243955786,0.05543454660633529,4.890312101070172,-0.3564765199676554,-0.4466355000225304,-0.00856390736019097,0.5306618828092683,-0.16539056419864417,-2.496264581099034,-0.008836242127461702,-1.9710409145858487,0.26976040868006423,-0.4771842807646108,0.007414023651180712
65065,True,lbfgs,73.15692918871618,0.061451295764655356,5.181560149425054,-0.06522847161277312,-0.4092509648050963,0.028820627857243097,0.7010541813980037,0.005001734390091217,-2.4918143335606175,-0.004385994589045428,-2.2090071072266495,0.03179421603926347,-0.5096419150673315,-0.025043610651539983
65071,True,lbfgs,73.14844232393497,0.05296443098345094,5.194511609542162,-0.05227701149566499,-0.4544917133226163,-0.01642012066027687,0.6912697237136213,-0.004782723294291191,-2.5015415504332577,-0.014113211461685538,-2.265872624367708,-0.025071301101795118,-0.477547257550116,0.007051046865675481
65079,True,lbfgs,73.33847916798715,0.24300127503562408,4.985767585420866,-0.2610210356169613,-0.44419010142223037,-0.0061185087598909504,0.6606399528308048,-0.03541249417710768,-2.449746862572411,0.037681476399161085,-2.090476402533343,0.1503249207325701,-0.4800134926458795,0.0045848117699119895
65080,True,lbfgs,73.05794260340551,-0.03753528954601393,5.18649286359735,-0.06029575744047655,-0.4547915500901511,-0.016719957427811682,0.8343441374872406,0.1382916904793281,-2.4823852154870263,0.005043123484545831,-2.3971795575820174,-0.15637823431610443,-0.5088050183754366,-0.024206713959645076
65088,True,lbfgs,72.85651511041544,-0.2389627825360776,5.4943759068803,0.24758728584247347,-0.4535314022468856,-0.01545980958454618,0.8061807557666046,0.11012830875869217,-2.4813915368002832,0.00603680217128888,-2.191588869575961,0.049212453689952085,-0.47646961758828965,0.008128686827501841
65112,True,lbfgs,73.08777838898762,-0.0076995039639058405,5.224934309807767,-0.021854311230059764,-0.4181840165676117,0.019887576094727688,0.7451475585233538,0.049095111515441325,-2.5250818460264544,-0.03765350705488224,-2.291041615737335,-0.05024029247142181,-0.441476491472568,0.04312181294322348
65163,True,lbfgs,73.08168157432162,-0.013796318629900384,5.355642376150717,0.1088537551128903,-0.46387679603950777,-0.02580520337716835,0.7266109894126954,0.03055854240478295,-2.480699148431064,0.006729190540508245,-2.314279122108307,-0.07347779884239403,-0.4681356652822079,0.01646263913358359
65222,True,lbfgs,73.32240564111223,0.22692774816070482,5.01971207000637,-0.22707655103145719,-0.4641453643296504,-0.026073771667311008,0.6317046633278841,-0.06434778368002836,-2.498945886551554,-0.011517547579981802,-2.3180163234850104,-0.07721500021909744,-0.4774637090958783,0.007134595319913173
65278,True,lbfgs,73.05401777237914,-0.04146012057238124,5.189028895045697,-0.057759725992130306,-0.47918165266338986,-0.04111006000105044,0.8397371874190914,0.14368474041117896,-2.4626810144609594,0.024747324510612678,-2.4032779400879525,-0.1624766168220395,-0.4583019844789768,0.026296319936814694
65305,True,lbfgs,72.97859693501259,-0.11688095793893183,5.341892471399761,0.0951038503619337,-0.4346428214055414,0.0034287712567980244,0.6408222515685548,-0.0552301954393577,-2.5003062353203793,-0.012877896348807205,-2.1318474511433925,0.1089538721225205,-0.48486434780226734,-0.0002660433864758449
65322,True,lbfgs,73.01701630966645,-0.07846158328507613,5.328761762095763,0.08197314105793563,-0.4164116127158102,0.02165997994652924,0.6676849998019786,-0.02836744720593387,-2.4569633459946085,0.03046499297696359,-2.2678931507051994,-0.027091827439286398,-0.4266835422174462,0.05791476219834529
65323,True,lbfgs,73.06283719440218,-0.03264069854934348,5.504033288690477,0.25724466765264964,-0.44498657792691737,-0.006914985264577955,0.7682412035931437,0.07218875658523127,-2.4711394275237613,0.01628891144781086,-2.4143786773265403,-0.17357735406062735,-0.4960691494517539,-0.011470845035962407
65466,True,lbfgs,73.12523358428945,0.029755691337925327,4.907912534929645,-0.3388760861081819,-0.4428825888622871,-0.004810996199947681,0.6739346742566367,-0.0221177727512758,-2.5072011764235964,-0.019772837452024294,-2.042360906113265,0.19844041715264815,-0.48209157593292284,0.0025067284828686476
65502,True,lbfgs,73.15112259004398,0.055644697092461115,5.187675022198761,-0.059113598839066306,-0.40710191876319685,0.03096967389914257,0.7005772800570408,0.004524833049128318,-2.4918131559991545,-0.004384817027582422,-2.2120385965322766,0.028762726733636335,-0.5011999472089411,-0.01660164279314963
65554,True,lbfgs,73.03453033544352,-0.06094755750800118,5.108551812154746,-0.13823680888308054,-0.4317720129397661,0.006299579722573334,0.9107863434088128,0.21473389640090035,-2.4824460032787714,0.00498233569280071,-2.508169315146574,-0.26736799188066085,-0.4559946808864474,0.02860362352934409
65585,True,lbfgs,73.08880662964921,-0.0066712633023087164,5.253899175671157,0.007110554633330324,-0.43994596673554226,-0.0018743740732028447,0.7033877982262287,0.007335351218316188,-2.499672748879428,-0.012244409907856024,-2.249364647278388,-0.00856332401247517,-0.49640314873291885,-0.011804844317127361
65909,True,lbfgs,73.28593988649733,0.19046199354581006,5.081497815826698,-0.1652908052111286,-0.4429512846117929,-0.00487969194945348,0.7608754804001585,0.06482303339224604,-2.5025539126229956,-0.01512557365142353,-2.39645735381695,-0.15565603055103683,-0.48066209677280036,0.00393620764299113
65973,True,lbfgs,73.01243829085213,-0.08303960209939021,5.667139857582912,0.420351236545085,-0.4352662623303149,0.0028053303320245138,1.165226578074606,0.4691741310666936,-2.4791178930890556,0.008310445882516504,-2.4206223952204033,-0.17982107195449037,-0.5198378986705273,-0.03523959425473583
65995,True,lbfgs,72.87118800480005,-0.22428988815147477,5.473437054187689,0.22664843314986172,-0.4426069191756567,-0.004535326513317284,0.780608853958251,0.0845564069503385,-2.49392418957272,-0.006495850601147879,-2.179307244462685,0.0614940788032281,-0.48755044726720614,-0.002952142851414652
66020,True,lbfgs,73.1263585052837,0.030880612332182977,5.214085374345171,-0.03270324669265623,-0.4286162608640962,0.009455331798243205,0.6906397791979328,-0.005412667809979621,-2.5080553240225867,-0.020626985051014568,-2.2525258656795764,-0.011724542413663386,-0.4945022058735081,-0.009903901457716635
66022,True,lbfgs,73.38457023139289,0.28909233844136395,4.985984778389764,-0.26080384264806256,-0.4454903297194607,-0.007418737057121261,0.7295770623098448,0.03352461530193229,-2.478147647785147,0.009280691186424939,-2.4295440548296825,-0.18874273156376953,-0.48475231472555513,-0.00015401030976364138
66036,True,lbfgs,73.07512204947928,-0.020355843472245283,5.0426268359789805,-0.2041617850588464,-0.43227393437941103,0.005797658282928386,0.8247073490435555,0.128654902035643,-2.487630248633824,-0.00020190966225186457,-2.273044331905743,-0.032243008639829984,-0.48688981362572425,-0.0022915092099327627
66050,True,lbfgs,73.27471882750933,0.17924093455781076,5.090033512631794,-0.15675510840603302,-0.4523684904132488,-0.014296897750909365,0.7566904182548959,0.060637971246983446,-2.510101759035261,-0.022673420063688887,-2.386407991318644,-0.14560666805273081,-0.47304204906212616,0.011556255353665335
66057,True,lbfgs,73.09290997559538,-0.002567917356145699,5.281714925206958,0.03492630416913123,-0.4044305234326533,0.03364106922968613,0.7213963218366387,0.025343874828726243,-2.4944825291819153,-0.0070541902103431475,-2.242629749128523,-0.0018284258626102279,-0.4559129609190181,0.028685343496773374
66073,True,lbfgs,73.11927971851938,0.02380182556785826,5.110120094783076,-0.13666852625475112,-0.40487305644835603,0.03319853621398339,0.6095700322111034,-0.08648241479680907,-2.4762753857487536,0.011152953222818507,-2.125684621179224,0.11511670208668878,-0.4807864671152904,0.0038118373005011086
66085,True,lbfgs,72.894734493861,-0.20074339909052696,5.436792139495007,0.19000351845718022,-0.43557746728408653,0.002494125378252887,0.5747083526000096,-0.12134409440790284,-2.4996393755434814,-0.01221103657190925,-2.290532915866234,-0.04973159260032123,-0.4534993518703731,0.03109895254541839
66087,True,lbfgs,73.21128923262275,0.11581133967122526,5.102857322198841,-0.1439312988389858,-0.5463826940663857,-0.10831110140404632,0.5677217190655981,-0.12833072794231437,-2.4503478731927224,0.037080465778849714,-2.104143852534741,0.13665747073117185,-0.3738273010300037,0.11077100338578777
66089,True,lbfgs,73.063400107046,-0.032077785905528344,5.524426134470532,0.2776375134327047,-0.45996956565079067,-0.021897972988451253,0.9200642667435229,0.22401181973561046,-2.4992963522724514,-0.011868013300879277,-2.2814131644049565,-0.04061184113904348,-0.4726657952225929,0.011932509193198604
66121,True,lbfgs,73.09498121718943,-0.0004966757620934459,5.251978060386332,0.0051894393485047985,-0.4167083633839834,0.02136322927835599,0.6972522074469195,0.001199760439007047,-2.4491435832048283,0.03828475576674384,-2.2389892036747803,0.0018121195911326993,-0.4915041771157705,-0.006905872699978999
66151,True,lbfgs,73.21352097309118,0.11804308013965681,5.140750517860546,-0.1060381031772808,-0.4641142328003715,-0.02604264013803209,0.7960587701392571,0.10000632313134461,-2.4782593521635246,0.009168986808047563,-2.226703230834909,0.014098092431003906,-0.41682967911897295,0.06776862529681854
66157,True,lbfgs,73.11744321294047,0.021965319988950682,5.722357847329906,0.47556922629207943,-0.3861392237572359,0.0519323689051035,0.6924499709202798,-0.0036024760876326445,-2.508777203828917,-0.021348864857344996,-2.088053585105027,0.15274773816088594,-0.5120007402310109,-0.02740243581521945
66201,True,lbfgs,73.17354767830744,0.0780697853559218,5.157789926850752,-0.08899869418707507,-0.4559029476103831,-0.017831354948043665,0.6436048149582148,-0.05244763204969771,-2.4944493955686546,-0.00702105659708252,-2.2123064269188664,0.028494896347046605,-0.4843736797204051,0.0002246246953863662
66206,True,lbfgs,73.08790837663075,-0.007569516320771186,5.210486322949099,-0.03630229808872798,-0.39028262143349995,0.04778897122883946,0.738568568633784,0.042516121625871484,-2.5220935091430934,-0.034665170171521265,-2.293738704145532,-0.05293738087961897,-0.5133584601094462,-0.0287601556936547
66275,True,lbfgs,73.0238733553774,-0.07160453757411744,5.326245440707788,0.07945681966996077,-0.43858724707362334,-0.0005156544112839279,0.7153406597166885,0.01928821270877601,-2.4351649568282565,0.052263382143315606,-2.231956934460989,0.008844388804924108,-0.5043263787942006,-0.01972807437840912
66305,True,lbfgs,72.81397056691739,-0.28150732603413076,5.512804334877718,0.26601571383989064,-0.4286731135375832,0.00939847912475622,0.7225429043534988,0.026490457345586305,-2.50319614490838,-0.01576780593680782,-2.101936874971666,0.13886444829424693,-0.4886045520703546,-0.004006247654563089
66312,True,lbfgs,73.18926028709204,0.09378239414051848,5.156926179905325,-0.08986244113250219,-0.4536620944755949,-0.015590501813255497,0.7425902423599233,0.04653779535201086,-2.4744920927834846,0.01293624618808753,-2.2116354636282334,0.029165859637679592,-0.48882376740659117,-0.004225462990799678
66314,True,lbfgs,73.09834338388039,0.002865490928869008,5.598617827656044,0.35182920661821715,-0.44895712204627103,-0.010885529383931614,0.6491442118272823,-0.04690823518063014,-2.5064260052666256,-0.018997666295053506,-2.2855761963347874,-0.0447748730688744,-0.48318342566336975,0.0014148787524217443
66373,True,lbfgs,73.03214400667024,-0.06333388628128489,5.320507070597274,0.07371844955944695,-0.4031470411315347,0.034924551530804704,0.7322563676301436,0.0362039206222311,-2.4592042087862245,0.02822413018534764,-2.2599170157782473,-0.01911569251233436,-0.48991334757724053,-0.00531504316144904
66420,True,lbfgs,73.10731704148915,0.011839148537632127,5.343270982047482,0.09648236100965502,-0.42784753892718913,0.010224053735150285,0.6392615466015837,-0.056790900406328726,-2.4974677360896513,-0.010039397118079219,-2.213773391703348,0.027027931562564778,-0.4816426795021393,0.0029556249136521995
66520,True,lbfgs,72.76163591818884,-0.3338419747626773,5.522754406902809,0.2759657858649822,-0.4373249334385086,0.0007466592238308256,0.27998799229376575,-0.4160644547141467,-2.5007237901318984,-0.013295451160326266,-2.2086839005309,0.03211742273501317,-0.5162566028227925,-0.03165829840700102
67013,True,lbfgs,73.08687230330666,-0.008605589644858469,5.326759238534733,0.07997061749690637,-0.4432687613001403,-0.0051971686378008974,0.7436597564602498,0.047607309452337376,-2.5105424718102816,-0.023114132838709445,-2.285046110084776,-0.0442447868188629,-0.4834486784722026,0.0011496259435889167
67024,True,lbfgs,73.11996804221464,0.024490149263115768,5.02910231528111,-0.21768630575671732,-0.4277382434384767,0.010333349223862698,0.6493173980063001,-0.046735049001612405,-2.496034632457725,-0.00860629348615305,-2.099171225609379,0.14163009765653412,-0.4865126878236572,-0.0019143834078657052
67026,True,lbfgs,73.0220473854679,-0.07343050748362145,5.320928290889137,0.07413966985131015,-0.4276455197458328,0.010426072916506601,0.7237598113262219,0.027707364318309446,-2.4900688932451183,-0.0026405542735461474,-2.2206510010562113,0.0201503222097017,-0.47880216999784875,0.005796134417942744
67038,True,lbfgs,73.09954818986124,0.004070296909716831,5.261001422086062,0.014212801048235413,-0.44677889735241827,-0.008707304690078854,0.6775865369056673,-0.018465910102245187,-2.4785760069911644,0.00885233198040769,-2.217809176311982,0.022992146953931147,-0.47190197231109726,0.01269633210469423
67058,True,lbfgs,73.01815909508822,-0.07731879786329898,5.056524663021313,-0.19026395801651397,-0.44748434700439,-0.009412754342050578,0.9808027502113568,0.2847503032034443,-2.508575387454055,-0.021147048482482944,-2.5953476619226596,-0.3545463386567467,-0.4937060434860378,-0.009107739070246312
67100,True,lbfgs,73.09441855354967,-0.001059339401848547,5.237559824050957,-0.009228796986869625,-0.4134267250045171,0.02464486765782231,0.6951565735221118,-0.0008958734858006689,-2.4702789372286964,0.017149401742875714,-2.232763556033599,0.008037767232313975,-0.48369826485821327,0.000900039557578225
67105,True,lbfgs,73.0994317817055,0.003953888753983392,5.32022386548193,0.0734352444441031,-0.43736997950274764,0.0007016131595917741,0.7089607040394831,0.012908257031570614,-2.500985451131428,-0.013557112159855667,-2.2092163108195555,0.031585012446357474,-0.4871544833412117,-0.002556178925420205
67144,True,lbfgs,72.92580039078238,-0.16967750216913657,5.404241710652985,0.15745308961515825,-0.44735110647632864,-0.009279513813989226,0.6259978691791938,-0.07005457782871871,-2.4553464705073096,0.03208186846426253,-2.1798173134947136,0.06098400977119933,-0.4720650547841873,0.012533249631604182
67179,True,lbfgs,73.08809335110256,-0.007384541848963977,5.339283687307096,0.09249506626926873,-0.4575929434419292,-0.019521350779589774,0.7088865296829719,0.012834082675059477,-2.4660348643731393,0.02139347459843277,-2.2655540146081865,-0.024752691342273536,-0.47310726410593057,0.011491040309860923
67180,True,lbfgs,73.13074967271424,0.035271779762723554,5.324254778743349,0.07746615770552179,-0.4519922142122488,-0.013920621549909362,0.544760804212036,-0.15129164279587648,-2.4470353018221194,0.04039303714945275,-2.069722931749343,0.1710783915165699,-0.5505176274905411,-0.06591932307474963
67186,True,lbfgs,73.10058120291636,0.005103309964837877,5.1856685077373,-0.061120113300527024,-0.4698211334054834,-0.03174954074314401,0.6930216982324947,-0.0030307487754177576,-2.499686361470314,-0.012258022498742083,-2.2150602953730267,0.025741027892886237,-0.485965957308702,-0.0013676528929105203
67194,True,lbfgs,73.45928094165926,0.3638030487077373,4.900621181576383,-0.34616743946144357,-0.4312011894412726,0.006870403221066801,0.7686238190448186,0.07257137203690611,-2.496600133667899,-0.009171794696326785,-2.3202748221252025,-0.07947349885928956,-0.47617222971912154,0.00842607469666995
67212,True,lbfgs,72.7829883322151,-0.31248956073642375,5.549894932831684,0.30310631179385705,-0.4337092657095842,0.0043623269527552355,0.7560868823744218,0.06003443536650932,-2.496613322966558,-0.009184983994985796,-2.110758928433652,0.1300423948322611,-0.481876255044659,0.0027220493711325178
67245,True,lbfgs,73.0802402788372,-0.015237614114326448,5.261048649472756,0.01426002843492924,-0.43815161491558446,-8.002225324504897e-05,0.6977046023588173,0.0016521553509047937,-2.4966710344783793,-0.00924269550680723,-2.240507056351854,0.00029426691405909366,-0.4883586247827174,-0.0037603203669259178
67311,True,lbfgs,73.13243123039122,0.036953337439697975,4.973412929825378,-0.27337569121244876,-0.4465190888046836,-0.00844749614234419,0.4669025786113472,-0.22914986839656526,-2.4990488186650426,-0.011620479693470465,-2.1899840521637897,0.05081727110212331,-0.43207479072519434,0.05252351369059716
67323,True,lbfgs,73.08204463766387,-0.013433255287651491,5.49536367495876,0.24857505392093326,-0.4487198900642517,-0.01064829740191231,0.6873412583052412,-0.00871118870267129,-2.4675875039440367,0.01984083502753542,-2.3385705515270856,-0.09776922826117262,-0.48829198700841947,-0.003693682592627978
67339,True,lbfgs,73.05182916022542,-0.043648732726097705,5.565150112078315,0.3183614910404877,-0.42623891691607135,0.011832675746268062,0.8058352429156534,0.10978279590774098,-2.470998116864093,0.016430222107479242,-2.464678880726598,-0.22387755746068505,-0.4920172389222993,-0.007418934506507824
67424,True,lbfgs,72.76204942422736,-0.3334284687241649,5.492757480816992,0.24596885977916472,-0.44017374326656683,-0.002102150604227415,0.12538652797836575,-0.5706659190295467,-2.501560302805964,-0.014131963834391748,-2.1260217449686425,0.11477957829727048,-0.4997773338093922,-0.015179029393600718
67454,True,lbfgs,73.14830440822793,0.052826515276407804,5.198188887564027,-0.0485997334738002,-0.443299510290874,-0.005227917628534584,0.7131932150165582,0.017140768008645724,-2.5109571807251885,-0.02352884175361636,-2.2819605188308967,-0.04115919556498371,-0.46916194056629756,0.015436363849493928
68007,True,lbfgs,73.03022538148406,-0.06525251146746314,5.135912650254543,-0.11087597078328404,-0.4659074871737385,-0.027835894511399062,0.9426740969772543,0.24662164996934188,-2.491797417908663,-0.004369078937090709,-2.519677501818192,-0.2788761785522791,-0.5157081041954825,-0.031109799779691027
68016,True,lbfgs,73.26058791529242,0.16511002234089744,5.067373693880411,-0.17941492715741614,-0.42325483676136727,0.014816755900972145,0.5653888983649785,-0.13066354864293395,-2.4644959855349002,0.022932353436671882,-2.234826087382671,0.005975235883242114,-0.4855881353263677,-0.0009898309105761949
68027,True,lbfgs,72.99338402420534,-0.10209386874618076,5.36263121174573,0.11584259070790281,-0.42753467617392293,0.010536916488416481,0.7736488730410209,0.07759642603310846,-2.4974048091985597,-0.009976470226987555,-2.2838844249690013,-0.04308310170308838,-0.4918946050274708,-0.007296300611679296
68051,True,lbfgs,73.0668922078063,-0.028585685145216644,5.508474031433769,0.26168541039594206,-0.44837580491284235,-0.010304212250502931,0.8701713733228119,0.17411892631489945,-2.449148988561573,0.03827935040999897,-2.2533630783273764,-0.012561755061463398,-0.45092057546638015,0.033677728949411345
68124,True,lbfgs,72.8253395945381,-0.2701382984134284,5.469128789550852,0.22234016851302485,-0.4398983012726145,-0.001826708610275063,0.4804471055173292,-0.21560534149058325,-2.4904210976297003,-0.002992758658128203,-2.0735202938056063,0.16728102946030665,-0.4725460939303765,0.012052210485414994
68138,True,lbfgs,73.09464514421414,-0.0008327487373804843,5.251406614504425,0.0046179934665984135,-0.43445663544461205,0.003614957217727366,0.6956635271702651,-0.00038891983764732796,-2.4807967244232656,0.006631614548306519,-2.2411725552401065,-0.00037123197419353104,-0.4862484021131962,-0.0016500976974047066
68193,True,lbfgs,73.0931603438766,-0.0023175490749167693,5.3817646831626496,0.1349760621248226,-0.40699338231703264,0.031078210345306778,0.7296235277407298,0.03357108073281734,-2.4617256144473494,0.02570272452422273,-2.1985219325506855,0.04227939071522746,-0.5354661501739372,-0.05086784575814568
68200,True,lbfgs,72.8746559119611,-0.22082198099042216,5.497346726193829,0.25055810515600196,-0.420004846487533,0.018066746174806414,0.8453359924596211,0.14928354545170863,-2.4784683017853757,0.008960037186196423,-2.3219073520374565,-0.08110602877154349,-0.47916351199160884,0.005434792424182655
68255,True,lbfgs,73.1882168769996,0.09273898404808278,5.156686591886279,-0.09010202915154775,-0.4182172882469,0.019854304415439394,0.6968332782899037,0.0007808312819912455,-2.516437933616197,-0.029009594644624936,-2.291425057560783,-0.050623734294870104,-0.4912190949265911,-0.006620790510799612
68293,True,lbfgs,73.09548087833204,2.985380518794045e-06,5.225641193666867,-0.02114742737095998,-0.41949604436567894,0.01857554829666047,0.6977115652157884,0.0016591182078758981,-2.488472722699389,-0.0010443837278169,-2.240128606679654,0.0006727165862590034,-0.4877296250699061,-0.003131320654114589
68411,True,lbfgs,72.79982916271283,-0.2956487302386961,5.494281274408114,0.24749265337028703,-0.44792117579986857,-0.00984958313752915,0.3309192752699343,-0.36513317173797816,-2.477908495615494,0.009519843356077917,-2.2126154585541293,0.028185864711783637,-0.5461885027088568,-0.06159019829306528
68426,True,lbfgs,73.10731062564207,0.011832732690550074,5.347311544001811,0.10052292296398413,-0.40538262904192573,0.03268896362041368,0.6251141638016262,-0.07093828320628626,-2.4744465487651732,0.012981790206398891,-2.2048957705849555,0.03590555268095752,-0.48923395172266343,-0.004635647306871937
68542,True,lbfgs,73.10746339190183,0.011985498950309648,5.237376165972614,-0.009412455065213265,-0.4220269214334893,0.016044671228850116,0.695899112764384,-0.00015333424352848013,-2.4578217077074567,0.029606631264115446,-2.231823015172676,0.008978308093237075,-0.4022574255848305,0.08234087883096097
68549,True,lbfgs,73.16628705872921,0.07080916577768903,5.174830541717065,-0.07195807932076193,-0.4300381049029835,0.008033487759355917,0.7224292375514565,0.026376790543544026,-2.4987415359485703,-0.011313196976998174,-2.215610637168539,0.02519068609737385,-0.48286259963625405,0.0017357047795374392
68786,True,lbfgs,73.0914097227898,-0.0040681701617160115,5.251191558833513,0.004402937795686235,-0.4475385978424558,-0.009467005180116395,0.6957287830796947,-0.00032366392821781,-2.4864181648971084,0.0010101740744636878,-2.2428587377846902,-0.0020574145187772785,-0.5051251024146935,-0.020526797998902058
68800,True,lbfgs,72.84476908721983,-0.25070880573169063,5.440137009226195,0.19334838818836797,-0.44667405411224675,-0.00860246144990734,0.513175004959486,-0.1828774420484265,-2.4890641443720845,-0.0016358054005123357,-1.9594851898061105,0.28131613345980244,-0.49065712522808663,-0.00605882081229514
68832,True,lbfgs,73.0108676487852,-0.08461024416632767,5.3343590421743965,0.08757042113656954,-0.42414463607032116,0.013926956592018258,0.6810271250529407,-0.015025321954971749,-2.487350198213626,7.814075794598807e-05,-2.280660926200071,-0.03985960293415802,-0.47217900521266565,0.012419299203125844
68850,True,lbfgs,73.06904988313194,-0.0264280098195826,4.993703314356126,-0.25308530668170093,-0.42919046476393713,0.008881127898402286,0.738008800694942,0.041956353687029546,-2.493789077546372,-0.006360738574799907,-2.4184463686815305,-0.17764504541561754,-0.48118617004537695,0.0034121343704145435
68881,True,lbfgs,73.12697030284666,0.031492409895136575,4.94932205519608,-0.2974665658417468,-0.45702230387112736,-0.01895071120878794,0.6542934750582622,-0.04175897194965028,-2.51743057548383,-0.030002236512257863,-2.059079692936025,0.18172163032988786,-0.48876186027854923,-0.00416355586275774
68882,True,lbfgs,72.8844640741185,-0.21101381883302395,5.488449841834216,0.24166122079638885,-0.42748609329505205,0.010585499367287365,0.7679788627843479,0.07192641577643544,-2.466322212650703,0.021106126320868945,-2.397086206792176,-0.15628488352626313,-0.5500263935527004,-0.06542808913690895
68896,True,lbfgs,73.08434483133776,-0.011133061613762152,5.191694747288513,-0.05509387374931407,-0.44835965931219346,-0.010288066649854044,0.7142729244548688,0.018220477446956318,-2.4662632486775196,0.021165090294052558,-2.290645557149185,-0.04984423388327208,-0.4899976107757139,-0.005399306359922418
68906,True,lbfgs,73.27129779305625,0.17581990010472737,5.06448029447264,-0.18230832656518725,-0.44832493203810647,-0.010253339375767057,0.5986246551682984,-0.09742779183961403,-2.465939196927724,0.02148914204384811,-2.2662559314840185,-0.025454608218105523,-0.48770929213940545,-0.003110987723613956
68939,True,lbfgs,73.08260345000535,-0.012874442946170461,5.0496466703502865,-0.19714195068754048,-0.4542632120246528,-0.016191619362313392,0.7912180175835813,0.09516557057566888,-2.4962844867347216,-0.008856147763149469,-2.255847685176686,-0.015046361910773243,-0.48638764879493607,-0.0017893443791445751
68987,True,lbfgs,73.12210224289754,0.02662434994601881,4.936544337413963,-0.3102442836238639,-0.43209781091981925,0.005973781742520168,0.5027658836184317,-0.1932865633894808,-2.5037896818805137,-0.016361342908941534,-2.241564221709481,-0.0007628984435679165,-0.4863442733578457,-0.001745968942054199
69019,True,lbfgs,73.19442583051539,0.09894793756386377,5.1297269596208555,-0.1170616614169715,-0.3823169033386196,0.0557546893237198,0.6441508080263548,-0.05190163898155764,-2.5030448990873793,-0.015616560115807143,-2.161375272040523,0.07942605122538993,-0.482189888350773,0.002408416065018515
69283,True,lbfgs,72.94364254880291,-0.15183534414860844,5.382195186130899,0.13540656509307247,-0.426473340824943,0.011598251837396434,0.6782767215664884,-0.01777572544142403,-2.503841242762435,-0.01641290379086291,-2.1407244410891657,0.10007688217674726,-0.48734499879489,-0.0027466943790985243
