subject_id,task,premise_1,premise_2,number_models_generated,std_models_generated,minimum_models_generated,maximum_models_generated,n_samples,n_parameter_sets_used,epsilon,lambda,omega,sigma
63873,1,All B are C,No A are C,2.0,0.0,2,2,20,1,0.5,4.05,0.5,0.2
63873,2,All B are C,All A are B,2.15,0.3571,2,3,20,1,0.5,4.05,0.5,0.2
63873,3,All B are C,All A are C,2.2,0.4,2,3,20,1,0.5,4.05,0.5,0.2
63873,4,All B are C,No A are B,2.5,1.533,2,8,20,1,0.5,4.05,0.5,0.2
63884,1,All B are C,No A are C,2.0,0.0,2,2,20,1,0.6000000000000001,3.2600000000000002,0.0,0.5
63884,2,All B are C,All A are B,2.3,0.4583,2,3,20,1,0.6000000000000001,3.2600000000000002,0.0,0.5
63884,3,All B are C,All A are C,2.45,0.4975,2,3,20,1,0.6000000000000001,3.2600000000000002,0.0,0.5
63884,4,All B are C,No A are B,4.2,2.2271,2,7,20,1,0.6000000000000001,3.2600000000000002,0.0,0.5
63885,1,All B are C,No A are C,2.0,0.0,2,2,20,1,0.5,4.05,0.2,0.9
63885,2,All B are C,All A are B,2.75,0.433,2,3,20,1,0.5,4.05,0.2,0.9
63885,3,All B are C,All A are C,2.85,0.3571,2,3,20,1,0.5,4.05,0.2,0.9
63885,4,All B are C,No A are B,6.65,1.6815,2,8,20,1,0.5,4.05,0.2,0.9
63954,1,All B are C,No A are C,2.0,0.0,2,2,20,1,0.5,4.05,0.2,0.9
63954,2,All B are C,All A are B,2.75,0.433,2,3,20,1,0.5,4.05,0.2,0.9
63954,3,All B are C,All A are C,2.85,0.3571,2,3,20,1,0.5,4.05,0.2,0.9
63954,4,All B are C,No A are B,6.65,1.6815,2,8,20,1,0.5,4.05,0.2,0.9
63969,1,All B are C,No A are C,2.0,0.0,2,2,20,1,0.5,4.05,0.6000000000000001,0.1
63969,2,All B are C,All A are B,2.0,0.0,2,2,20,1,0.5,4.05,0.6000000000000001,0.1
63969,3,All B are C,All A are C,2.1,0.3,2,3,20,1,0.5,4.05,0.6000000000000001,0.1
63969,4,All B are C,No A are B,2.75,1.8131,2,8,20,1,0.5,4.05,0.6000000000000001,0.1
63977,1,All B are C,No A are C,2.0,0.0,2,2,20,1,0.5,4.05,0.6000000000000001,0.1
63977,2,All B are C,All A are B,2.0,0.0,2,2,20,1,0.5,4.05,0.6000000000000001,0.1
63977,3,All B are C,All A are C,2.1,0.3,2,3,20,1,0.5,4.05,0.6000000000000001,0.1
63977,4,All B are C,No A are B,2.75,1.8131,2,8,20,1,0.5,4.05,0.6000000000000001,0.1
63978,1,All B are C,No A are C,2.0,0.0,2,2,20,1,0.5,4.05,0.6000000000000001,0.1
63978,2,All B are C,All A are B,2.0,0.0,2,2,20,1,0.5,4.05,0.6000000000000001,0.1
63978,3,All B are C,All A are C,2.1,0.3,2,3,20,1,0.5,4.05,0.6000000000000001,0.1
63978,4,All B are C,No A are B,2.75,1.8131,2,8,20,1,0.5,4.05,0.6000000000000001,0.1
64012,1,All B are C,No A are C,2.0,0.0,2,2,20,1,0.5,4.05,0.2,0.9
64012,2,All B are C,All A are B,2.75,0.433,2,3,20,1,0.5,4.05,0.2,0.9
64012,3,All B are C,All A are C,2.85,0.3571,2,3,20,1,0.5,4.05,0.2,0.9
64012,4,All B are C,No A are B,6.65,1.6815,2,8,20,1,0.5,4.05,0.2,0.9
64037,1,All B are C,No A are C,2.0,0.0,2,2,20,1,0.5,4.05,0.6000000000000001,0.1
64037,2,All B are C,All A are B,2.0,0.0,2,2,20,1,0.5,4.05,0.6000000000000001,0.1
64037,3,All B are C,All A are C,2.1,0.3,2,3,20,1,0.5,4.05,0.6000000000000001,0.1
64037,4,All B are C,No A are B,2.75,1.8131,2,8,20,1,0.5,4.05,0.6000000000000001,0.1
64038,1,All B are C,No A are C,2.0,0.0,2,2,20,1,0.5,4.05,0.6000000000000001,0.1
64038,2,All B are C,All A are B,2.0,0.0,2,2,20,1,0.5,4.05,0.6000000000000001,0.1
64038,3,All B are C,All A are C,2.1,0.3,2,3,20,1,0.5,4.05,0.6000000000000001,0.1
64038,4,All B are C,No A are B,2.75,1.8131,2,8,20,1,0.5,4.05,0.6000000000000001,0.1
64039,1,All B are C,No A are C,2.0,0.0,2,2,20,1,0.5,4.05,0.6000000000000001,0.1
64039,2,All B are C,All A are B,2.0,0.0,2,2,20,1,0.5,4.05,0.6000000000000001,0.1
64039,3,All B are C,All A are C,2.1,0.3,2,3,20,1,0.5,4.05,0.6000000000000001,0.1
64039,4,All B are C,No A are B,2.75,1.8131,2,8,20,1,0.5,4.05,0.6000000000000001,0.1
64065,1,All B are C,No A are C,2.0,0.0,2,2,20,1,0.5,4.05,0.2,0.9
64065,2,All B are C,All A are B,2.75,0.433,2,3,20,1,0.5,4.05,0.2,0.9
64065,3,All B are C,All A are C,2.85,0.3571,2,3,20,1,0.5,4.05,0.2,0.9
64065,4,All B are C,No A are B,6.65,1.6815,2,8,20,1,0.5,4.05,0.2,0.9
64066,1,All B are C,No A are C,2.0,0.0,2,2,20,1,0.6000000000000001,3.2600000000000002,0.0,0.5
64066,2,All B are C,All A are B,2.3,0.4583,2,3,20,1,0.6000000000000001,3.2600000000000002,0.0,0.5
64066,3,All B are C,All A are C,2.45,0.4975,2,3,20,1,0.6000000000000001,3.2600000000000002,0.0,0.5
64066,4,All B are C,No A are B,4.2,2.2271,2,7,20,1,0.6000000000000001,3.2600000000000002,0.0,0.5
64105,1,All B are C,No A are C,2.0,0.0,2,2,20,1,0.6000000000000001,3.2600000000000002,0.0,0.5
64105,2,All B are C,All A are B,2.3,0.4583,2,3,20,1,0.6000000000000001,3.2600000000000002,0.0,0.5
64105,3,All B are C,All A are C,2.45,0.4975,2,3,20,1,0.6000000000000001,3.2600000000000002,0.0,0.5
64105,4,All B are C,No A are B,4.2,2.2271,2,7,20,1,0.6000000000000001,3.2600000000000002,0.0,0.5
64116,1,All B are C,No A are C,2.0,0.0,2,2,20,1,0.5,4.05,0.2,0.9
64116,2,All B are C,All A are B,2.75,0.433,2,3,20,1,0.5,4.05,0.2,0.9
64116,3,All B are C,All A are C,2.85,0.3571,2,3,20,1,0.5,4.05,0.2,0.9
64116,4,All B are C,No A are B,6.65,1.6815,2,8,20,1,0.5,4.05,0.2,0.9
64123,1,All B are C,No A are C,2.0,0.0,2,2,20,1,0.5,4.05,0.6000000000000001,0.1
64123,2,All B are C,All A are B,2.0,0.0,2,2,20,1,0.5,4.05,0.6000000000000001,0.1
64123,3,All B are C,All A are C,2.1,0.3,2,3,20,1,0.5,4.05,0.6000000000000001,0.1
64123,4,All B are C,No A are B,2.75,1.8131,2,8,20,1,0.5,4.05,0.6000000000000001,0.1
64159,1,All B are C,No A are C,2.0,0.0,2,2,20,1,0.5,4.05,0.2,0.9
64159,2,All B are C,All A are B,2.75,0.433,2,3,20,1,0.5,4.05,0.2,0.9
64159,3,All B are C,All A are C,2.85,0.3571,2,3,20,1,0.5,4.05,0.2,0.9
64159,4,All B are C,No A are B,6.65,1.6815,2,8,20,1,0.5,4.05,0.2,0.9
64189,1,All B are C,No A are C,2.0,0.0,2,2,20,1,0.5,4.05,0.2,0.9
64189,2,All B are C,All A are B,2.75,0.433,2,3,20,1,0.5,4.05,0.2,0.9
64189,3,All B are C,All A are C,2.85,0.3571,2,3,20,1,0.5,4.05,0.2,0.9
64189,4,All B are C,No A are B,6.65,1.6815,2,8,20,1,0.5,4.05,0.2,0.9
64222,1,All B are C,No A are C,2.0,0.0,2,2,20,1,0.5,4.05,0.2,0.9
64222,2,All B are C,All A are B,2.75,0.433,2,3,20,1,0.5,4.05,0.2,0.9
64222,3,All B are C,All A are C,2.85,0.3571,2,3,20,1,0.5,4.05,0.2,0.9
64222,4,All B are C,No A are B,6.65,1.6815,2,8,20,1,0.5,4.05,0.2,0.9
64250,1,All B are C,No A are C,2.0,0.0,2,2,20,1,0.5,4.05,0.2,0.9
64250,2,All B are C,All A are B,2.75,0.433,2,3,20,1,0.5,4.05,0.2,0.9
64250,3,All B are C,All A are C,2.85,0.3571,2,3,20,1,0.5,4.05,0.2,0.9
64250,4,All B are C,No A are B,6.65,1.6815,2,8,20,1,0.5,4.05,0.2,0.9
64258,1,All B are C,No A are C,2.0,0.0,2,2,20,1,0.5,4.05,0.7000000000000001,0.9
64258,2,All B are C,All A are B,2.5,0.5,2,3,20,1,0.5,4.05,0.7000000000000001,0.9
64258,3,All B are C,All A are C,2.95,0.2179,2,3,20,1,0.5,4.05,0.7000000000000001,0.9
64258,4,All B are C,No A are B,6.6,1.241,2,8,20,1,0.5,4.05,0.7000000000000001,0.9
64270,1,All B are C,No A are C,2.0,0.0,2,2,20,1,0.5,4.05,0.2,0.9
64270,2,All B are C,All A are B,2.75,0.433,2,3,20,1,0.5,4.05,0.2,0.9
64270,3,All B are C,All A are C,2.85,0.3571,2,3,20,1,0.5,4.05,0.2,0.9
64270,4,All B are C,No A are B,6.65,1.6815,2,8,20,1,0.5,4.05,0.2,0.9
64312,1,All B are C,No A are C,2.0,0.0,2,2,20,1,0.5,4.05,0.5,0.5
64312,2,All B are C,All A are B,2.35,0.477,2,3,20,1,0.5,4.05,0.5,0.5
64312,3,All B are C,All A are C,2.5,0.5,2,3,20,1,0.5,4.05,0.5,0.5
64312,4,All B are C,No A are B,4.7,2.492,2,8,20,1,0.5,4.05,0.5,0.5
64363,1,All B are C,No A are C,2.0,0.0,2,2,20,1,0.5,4.05,0.6000000000000001,0.1
64363,2,All B are C,All A are B,2.0,0.0,2,2,20,1,0.5,4.05,0.6000000000000001,0.1
64363,3,All B are C,All A are C,2.1,0.3,2,3,20,1,0.5,4.05,0.6000000000000001,0.1
64363,4,All B are C,No A are B,2.75,1.8131,2,8,20,1,0.5,4.05,0.6000000000000001,0.1
64369,1,All B are C,No A are C,2.0,0.0,2,2,20,1,0.5,4.05,0.2,0.9
64369,2,All B are C,All A are B,2.75,0.433,2,3,20,1,0.5,4.05,0.2,0.9
64369,3,All B are C,All A are C,2.85,0.3571,2,3,20,1,0.5,4.05,0.2,0.9
64369,4,All B are C,No A are B,6.65,1.6815,2,8,20,1,0.5,4.05,0.2,0.9
64386,1,All B are C,No A are C,2.0,0.0,2,2,20,1,0.5,4.05,0.2,0.9
64386,2,All B are C,All A are B,2.75,0.433,2,3,20,1,0.5,4.05,0.2,0.9
64386,3,All B are C,All A are C,2.85,0.3571,2,3,20,1,0.5,4.05,0.2,0.9
64386,4,All B are C,No A are B,6.65,1.6815,2,8,20,1,0.5,4.05,0.2,0.9
64388,1,All B are C,No A are C,2.0,0.0,2,2,20,1,0.5,4.05,0.2,0.9
64388,2,All B are C,All A are B,2.75,0.433,2,3,20,1,0.5,4.05,0.2,0.9
64388,3,All B are C,All A are C,2.85,0.3571,2,3,20,1,0.5,4.05,0.2,0.9
64388,4,All B are C,No A are B,6.65,1.6815,2,8,20,1,0.5,4.05,0.2,0.9
64392,1,All B are C,No A are C,2.0,0.0,2,2,20,1,0.5,4.05,0.6000000000000001,0.1
64392,2,All B are C,All A are B,2.0,0.0,2,2,20,1,0.5,4.05,0.6000000000000001,0.1
64392,3,All B are C,All A are C,2.1,0.3,2,3,20,1,0.5,4.05,0.6000000000000001,0.1
64392,4,All B are C,No A are B,2.75,1.8131,2,8,20,1,0.5,4.05,0.6000000000000001,0.1
64434,1,All B are C,No A are C,2.0,0.0,2,2,20,1,0.5,4.05,0.5,0.8
64434,2,All B are C,All A are B,2.4,0.4899,2,3,20,1,0.5,4.05,0.5,0.8
64434,3,All B are C,All A are C,2.75,0.433,2,3,20,1,0.5,4.05,0.5,0.8
64434,4,All B are C,No A are B,6.15,2.1972,2,8,20,1,0.5,4.05,0.5,0.8
64438,1,All B are C,No A are C,2.0,0.0,2,2,20,1,0.5,4.05,0.2,0.9
64438,2,All B are C,All A are B,2.75,0.433,2,3,20,1,0.5,4.05,0.2,0.9
64438,3,All B are C,All A are C,2.85,0.3571,2,3,20,1,0.5,4.05,0.2,0.9
64438,4,All B are C,No A are B,6.65,1.6815,2,8,20,1,0.5,4.05,0.2,0.9
64450,1,All B are C,No A are C,2.0,0.0,2,2,20,1,0.5,4.05,0.5,0.2
64450,2,All B are C,All A are B,2.15,0.3571,2,3,20,1,0.5,4.05,0.5,0.2
64450,3,All B are C,All A are C,2.2,0.4,2,3,20,1,0.5,4.05,0.5,0.2
64450,4,All B are C,No A are B,2.5,1.533,2,8,20,1,0.5,4.05,0.5,0.2
64597,1,All B are C,No A are C,2.0,0.0,2,2,20,1,0.6000000000000001,3.2600000000000002,0.0,0.5
64597,2,All B are C,All A are B,2.3,0.4583,2,3,20,1,0.6000000000000001,3.2600000000000002,0.0,0.5
64597,3,All B are C,All A are C,2.45,0.4975,2,3,20,1,0.6000000000000001,3.2600000000000002,0.0,0.5
64597,4,All B are C,No A are B,4.2,2.2271,2,7,20,1,0.6000000000000001,3.2600000000000002,0.0,0.5
64615,1,All B are C,No A are C,2.0,0.0,2,2,20,1,0.5,4.05,0.5,0.2
64615,2,All B are C,All A are B,2.15,0.3571,2,3,20,1,0.5,4.05,0.5,0.2
64615,3,All B are C,All A are C,2.2,0.4,2,3,20,1,0.5,4.05,0.5,0.2
64615,4,All B are C,No A are B,2.5,1.533,2,8,20,1,0.5,4.05,0.5,0.2
64652,1,All B are C,No A are C,2.0,0.0,2,2,20,1,0.5,4.05,0.2,0.9
64652,2,All B are C,All A are B,2.75,0.433,2,3,20,1,0.5,4.05,0.2,0.9
64652,3,All B are C,All A are C,2.85,0.3571,2,3,20,1,0.5,4.05,0.2,0.9
64652,4,All B are C,No A are B,6.65,1.6815,2,8,20,1,0.5,4.05,0.2,0.9
64685,1,All B are C,No A are C,2.0,0.0,2,2,20,1,0.5,4.05,0.5,0.8
64685,2,All B are C,All A are B,2.4,0.4899,2,3,20,1,0.5,4.05,0.5,0.8
64685,3,All B are C,All A are C,2.75,0.433,2,3,20,1,0.5,4.05,0.5,0.8
64685,4,All B are C,No A are B,6.15,2.1972,2,8,20,1,0.5,4.05,0.5,0.8
64695,1,All B are C,No A are C,2.0,0.0,2,2,20,1,0.5,4.05,0.7000000000000001,0.9
64695,2,All B are C,All A are B,2.5,0.5,2,3,20,1,0.5,4.05,0.7000000000000001,0.9
64695,3,All B are C,All A are C,2.95,0.2179,2,3,20,1,0.5,4.05,0.7000000000000001,0.9
64695,4,All B are C,No A are B,6.6,1.241,2,8,20,1,0.5,4.05,0.7000000000000001,0.9
64707,1,All B are C,No A are C,2.0,0.0,2,2,20,1,0.5,4.05,0.6000000000000001,0.1
64707,2,All B are C,All A are B,2.0,0.0,2,2,20,1,0.5,4.05,0.6000000000000001,0.1
64707,3,All B are C,All A are C,2.1,0.3,2,3,20,1,0.5,4.05,0.6000000000000001,0.1
64707,4,All B are C,No A are B,2.75,1.8131,2,8,20,1,0.5,4.05,0.6000000000000001,0.1
64708,1,All B are C,No A are C,2.0,0.0,2,2,20,1,0.5,4.05,0.2,0.9
64708,2,All B are C,All A are B,2.75,0.433,2,3,20,1,0.5,4.05,0.2,0.9
64708,3,All B are C,All A are C,2.85,0.3571,2,3,20,1,0.5,4.05,0.2,0.9
64708,4,All B are C,No A are B,6.65,1.6815,2,8,20,1,0.5,4.05,0.2,0.9
64776,1,All B are C,No A are C,2.0,0.0,2,2,20,1,0.5,4.05,0.6000000000000001,0.1
64776,2,All B are C,All A are B,2.0,0.0,2,2,20,1,0.5,4.05,0.6000000000000001,0.1
64776,3,All B are C,All A are C,2.1,0.3,2,3,20,1,0.5,4.05,0.6000000000000001,0.1
64776,4,All B are C,No A are B,2.75,1.8131,2,8,20,1,0.5,4.05,0.6000000000000001,0.1
64793,1,All B are C,No A are C,2.0,0.0,2,2,20,1,0.5,4.05,0.6000000000000001,0.1
64793,2,All B are C,All A are B,2.0,0.0,2,2,20,1,0.5,4.05,0.6000000000000001,0.1
64793,3,All B are C,All A are C,2.1,0.3,2,3,20,1,0.5,4.05,0.6000000000000001,0.1
64793,4,All B are C,No A are B,2.75,1.8131,2,8,20,1,0.5,4.05,0.6000000000000001,0.1
64806,1,All B are C,No A are C,2.0,0.0,2,2,20,1,0.5,4.05,0.2,0.9
64806,2,All B are C,All A are B,2.75,0.433,2,3,20,1,0.5,4.05,0.2,0.9
64806,3,All B are C,All A are C,2.85,0.3571,2,3,20,1,0.5,4.05,0.2,0.9
64806,4,All B are C,No A are B,6.65,1.6815,2,8,20,1,0.5,4.05,0.2,0.9
64843,1,All B are C,No A are C,2.0,0.0,2,2,20,1,0.6000000000000001,3.2600000000000002,0.0,0.5
64843,2,All B are C,All A are B,2.3,0.4583,2,3,20,1,0.6000000000000001,3.2600000000000002,0.0,0.5
64843,3,All B are C,All A are C,2.45,0.4975,2,3,20,1,0.6000000000000001,3.2600000000000002,0.0,0.5
64843,4,All B are C,No A are B,4.2,2.2271,2,7,20,1,0.6000000000000001,3.2600000000000002,0.0,0.5
64869,1,All B are C,No A are C,2.0,0.0,2,2,20,1,0.5,4.05,0.6000000000000001,0.1
64869,2,All B are C,All A are B,2.0,0.0,2,2,20,1,0.5,4.05,0.6000000000000001,0.1
64869,3,All B are C,All A are C,2.1,0.3,2,3,20,1,0.5,4.05,0.6000000000000001,0.1
64869,4,All B are C,No A are B,2.75,1.8131,2,8,20,1,0.5,4.05,0.6000000000000001,0.1
64871,1,All B are C,No A are C,2.0,0.0,2,2,20,1,0.6000000000000001,3.2600000000000002,0.0,0.5
64871,2,All B are C,All A are B,2.3,0.4583,2,3,20,1,0.6000000000000001,3.2600000000000002,0.0,0.5
64871,3,All B are C,All A are C,2.45,0.4975,2,3,20,1,0.6000000000000001,3.2600000000000002,0.0,0.5
64871,4,All B are C,No A are B,4.2,2.2271,2,7,20,1,0.6000000000000001,3.2600000000000002,0.0,0.5
64882,1,All B are C,No A are C,2.0,0.0,2,2,20,1,0.5,4.05,0.6000000000000001,0.1
64882,2,All B are C,All A are B,2.0,0.0,2,2,20,1,0.5,4.05,0.6000000000000001,0.1
64882,3,All B are C,All A are C,2.1,0.3,2,3,20,1,0.5,4.05,0.6000000000000001,0.1
64882,4,All B are C,No A are B,2.75,1.8131,2,8,20,1,0.5,4.05,0.6000000000000001,0.1
64888,1,All B are C,No A are C,2.0,0.0,2,2,20,1,0.5,4.05,0.2,0.9
64888,2,All B are C,All A are B,2.75,0.433,2,3,20,1,0.5,4.05,0.2,0.9
64888,3,All B are C,All A are C,2.85,0.3571,2,3,20,1,0.5,4.05,0.2,0.9
64888,4,All B are C,No A are B,6.65,1.6815,2,8,20,1,0.5,4.05,0.2,0.9
64890,1,All B are C,No A are C,2.0,0.0,2,2,20,1,0.6000000000000001,3.2600000000000002,0.0,0.5
64890,2,All B are C,All A are B,2.3,0.4583,2,3,20,1,0.6000000000000001,3.2600000000000002,0.0,0.5
64890,3,All B are C,All A are C,2.45,0.4975,2,3,20,1,0.6000000000000001,3.2600000000000002,0.0,0.5
64890,4,All B are C,No A are B,4.2,2.2271,2,7,20,1,0.6000000000000001,3.2600000000000002,0.0,0.5
64919,1,All B are C,No A are C,2.0,0.0,2,2,20,1,0.5,4.05,0.2,0.9
64919,2,All B are C,All A are B,2.75,0.433,2,3,20,1,0.5,4.05,0.2,0.9
64919,3,All B are C,All A are C,2.85,0.3571,2,3,20,1,0.5,4.05,0.2,0.9
64919,4,All B are C,No A are B,6.65,1.6815,2,8,20,1,0.5,4.05,0.2,0.9
64923,1,All B are C,No A are C,2.0,0.0,2,2,20,1,0.6000000000000001,3.2600000000000002,0.0,0.5
64923,2,All B are C,All A are B,2.3,0.4583,2,3,20,1,0.6000000000000001,3.2600000000000002,0.0,0.5
64923,3,All B are C,All A are C,2.45,0.4975,2,3,20,1,0.6000000000000001,3.2600000000000002,0.0,0.5
64923,4,All B are C,No A are B,4.2,2.2271,2,7,20,1,0.6000000000000001,3.2600000000000002,0.0,0.5
64926,1,All B are C,No A are C,2.0,0.0,2,2,20,1,0.5,4.05,0.5,0.5
64926,2,All B are C,All A are B,2.35,0.477,2,3,20,1,0.5,4.05,0.5,0.5
64926,3,All B are C,All A are C,2.5,0.5,2,3,20,1,0.5,4.05,0.5,0.5
64926,4,All B are C,No A are B,4.7,2.492,2,8,20,1,0.5,4.05,0.5,0.5
64939,1,All B are C,No A are C,2.0,0.0,2,2,20,1,0.5,4.05,0.6000000000000001,0.1
64939,2,All B are C,All A are B,2.0,0.0,2,2,20,1,0.5,4.05,0.6000000000000001,0.1
64939,3,All B are C,All A are C,2.1,0.3,2,3,20,1,0.5,4.05,0.6000000000000001,0.1
64939,4,All B are C,No A are B,2.75,1.8131,2,8,20,1,0.5,4.05,0.6000000000000001,0.1
64947,1,All B are C,No A are C,2.0,0.0,2,2,20,1,0.5,4.05,0.5,0.2
64947,2,All B are C,All A are B,2.15,0.3571,2,3,20,1,0.5,4.05,0.5,0.2
64947,3,All B are C,All A are C,2.2,0.4,2,3,20,1,0.5,4.05,0.5,0.2
64947,4,All B are C,No A are B,2.5,1.533,2,8,20,1,0.5,4.05,0.5,0.2
64973,1,All B are C,No A are C,2.0,0.0,2,2,20,1,0.5,4.05,0.5,0.2
64973,2,All B are C,All A are B,2.15,0.3571,2,3,20,1,0.5,4.05,0.5,0.2
64973,3,All B are C,All A are C,2.2,0.4,2,3,20,1,0.5,4.05,0.5,0.2
64973,4,All B are C,No A are B,2.5,1.533,2,8,20,1,0.5,4.05,0.5,0.2
64976,1,All B are C,No A are C,2.0,0.0,2,2,20,1,0.5,4.05,0.6000000000000001,0.1
64976,2,All B are C,All A are B,2.0,0.0,2,2,20,1,0.5,4.05,0.6000000000000001,0.1
64976,3,All B are C,All A are C,2.1,0.3,2,3,20,1,0.5,4.05,0.6000000000000001,0.1
64976,4,All B are C,No A are B,2.75,1.8131,2,8,20,1,0.5,4.05,0.6000000000000001,0.1
65018,1,All B are C,No A are C,2.0,0.0,2,2,20,1,0.6000000000000001,3.2600000000000002,0.0,0.5
65018,2,All B are C,All A are B,2.3,0.4583,2,3,20,1,0.6000000000000001,3.2600000000000002,0.0,0.5
65018,3,All B are C,All A are C,2.45,0.4975,2,3,20,1,0.6000000000000001,3.2600000000000002,0.0,0.5
65018,4,All B are C,No A are B,4.2,2.2271,2,7,20,1,0.6000000000000001,3.2600000000000002,0.0,0.5
65021,1,All B are C,No A are C,2.0,0.0,2,2,20,1,0.5,4.05,0.2,0.9
65021,2,All B are C,All A are B,2.75,0.433,2,3,20,1,0.5,4.05,0.2,0.9
65021,3,All B are C,All A are C,2.85,0.3571,2,3,20,1,0.5,4.05,0.2,0.9
65021,4,All B are C,No A are B,6.65,1.6815,2,8,20,1,0.5,4.05,0.2,0.9
65028,1,All B are C,No A are C,2.0,0.0,2,2,20,1,0.5,4.05,0.2,0.9
65028,2,All B are C,All A are B,2.75,0.433,2,3,20,1,0.5,4.05,0.2,0.9
65028,3,All B are C,All A are C,2.85,0.3571,2,3,20,1,0.5,4.05,0.2,0.9
65028,4,All B are C,No A are B,6.65,1.6815,2,8,20,1,0.5,4.05,0.2,0.9
65048,1,All B are C,No A are C,2.0,0.0,2,2,20,1,0.5,4.05,0.6000000000000001,0.1
65048,2,All B are C,All A are B,2.0,0.0,2,2,20,1,0.5,4.05,0.6000000000000001,0.1
65048,3,All B are C,All A are C,2.1,0.3,2,3,20,1,0.5,4.05,0.6000000000000001,0.1
65048,4,All B are C,No A are B,2.75,1.8131,2,8,20,1,0.5,4.05,0.6000000000000001,0.1
65063,1,All B are C,No A are C,2.0,0.0,2,2,20,1,0.5,4.05,0.5,0.2
65063,2,All B are C,All A are B,2.15,0.3571,2,3,20,1,0.5,4.05,0.5,0.2
65063,3,All B are C,All A are C,2.2,0.4,2,3,20,1,0.5,4.05,0.5,0.2
65063,4,All B are C,No A are B,2.5,1.533,2,8,20,1,0.5,4.05,0.5,0.2
65065,1,All B are C,No A are C,2.0,0.0,2,2,20,1,0.5,4.05,0.2,0.9
65065,2,All B are C,All A are B,2.75,0.433,2,3,20,1,0.5,4.05,0.2,0.9
65065,3,All B are C,All A are C,2.85,0.3571,2,3,20,1,0.5,4.05,0.2,0.9
65065,4,All B are C,No A are B,6.65,1.6815,2,8,20,1,0.5,4.05,0.2,0.9
65071,1,All B are C,No A are C,2.0,0.0,2,2,20,1,0.5,4.05,0.6000000000000001,0.1
65071,2,All B are C,All A are B,2.0,0.0,2,2,20,1,0.5,4.05,0.6000000000000001,0.1
65071,3,All B are C,All A are C,2.1,0.3,2,3,20,1,0.5,4.05,0.6000000000000001,0.1
65071,4,All B are C,No A are B,2.75,1.8131,2,8,20,1,0.5,4.05,0.6000000000000001,0.1
65079,1,All B are C,No A are C,2.0,0.0,2,2,20,1,0.5,4.05,0.7000000000000001,0.9
65079,2,All B are C,All A are B,2.5,0.5,2,3,20,1,0.5,4.05,0.7000000000000001,0.9
65079,3,All B are C,All A are C,2.95,0.2179,2,3,20,1,0.5,4.05,0.7000000000000001,0.9
65079,4,All B are C,No A are B,6.6,1.241,2,8,20,1,0.5,4.05,0.7000000000000001,0.9
65080,1,All B are C,No A are C,2.0,0.0,2,2,20,1,0.5,4.05,0.2,0.9
65080,2,All B are C,All A are B,2.75,0.433,2,3,20,1,0.5,4.05,0.2,0.9
65080,3,All B are C,All A are C,2.85,0.3571,2,3,20,1,0.5,4.05,0.2,0.9
65080,4,All B are C,No A are B,6.65,1.6815,2,8,20,1,0.5,4.05,0.2,0.9
65088,1,All B are C,No A are C,2.0,0.0,2,2,20,1,0.5,4.05,0.5,0.2
65088,2,All B are C,All A are B,2.15,0.3571,2,3,20,1,0.5,4.05,0.5,0.2
65088,3,All B are C,All A are C,2.2,0.4,2,3,20,1,0.5,4.05,0.5,0.2
65088,4,All B are C,No A are B,2.5,1.533,2,8,20,1,0.5,4.05,0.5,0.2
65112,1,All B are C,No A are C,2.0,0.0,2,2,20,1,0.5,4.05,0.2,0.9
65112,2,All B are C,All A are B,2.75,0.433,2,3,20,1,0.5,4.05,0.2,0.9
65112,3,All B are C,All A are C,2.85,0.3571,2,3,20,1,0.5,4.05,0.2,0.9
65112,4,All B are C,No A are B,6.65,1.6815,2,8,20,1,0.5,4.05,0.2,0.9
65163,1,All B are C,No A are C,2.0,0.0,2,2,20,1,0.5,4.05,0.5,0.2
65163,2,All B are C,All A are B,2.15,0.3571,2,3,20,1,0.5,4.05,0.5,0.2
65163,3,All B are C,All A are C,2.2,0.4,2,3,20,1,0.5,4.05,0.5,0.2
65163,4,All B are C,No A are B,2.5,1.533,2,8,20,1,0.5,4.05,0.5,0.2
65216,1,All B are C,No A are C,2.0,0.0,2,2,20,1,0.5,4.05,0.5,0.8
65216,2,All B are C,All A are B,2.4,0.4899,2,3,20,1,0.5,4.05,0.5,0.8
65216,3,All B are C,All A are C,2.75,0.433,2,3,20,1,0.5,4.05,0.5,0.8
65216,4,All B are C,No A are B,6.15,2.1972,2,8,20,1,0.5,4.05,0.5,0.8
65222,1,All B are C,No A are C,2.0,0.0,2,2,20,1,0.5,4.05,0.6000000000000001,0.1
65222,2,All B are C,All A are B,2.0,0.0,2,2,20,1,0.5,4.05,0.6000000000000001,0.1
65222,3,All B are C,All A are C,2.1,0.3,2,3,20,1,0.5,4.05,0.6000000000000001,0.1
65222,4,All B are C,No A are B,2.75,1.8131,2,8,20,1,0.5,4.05,0.6000000000000001,0.1
65278,1,All B are C,No A are C,2.0,0.0,2,2,20,1,0.5,4.05,0.2,0.9
65278,2,All B are C,All A are B,2.75,0.433,2,3,20,1,0.5,4.05,0.2,0.9
65278,3,All B are C,All A are C,2.85,0.3571,2,3,20,1,0.5,4.05,0.2,0.9
65278,4,All B are C,No A are B,6.65,1.6815,2,8,20,1,0.5,4.05,0.2,0.9
65305,1,All B are C,No A are C,2.0,0.0,2,2,20,1,0.5,4.05,0.6000000000000001,0.1
65305,2,All B are C,All A are B,2.0,0.0,2,2,20,1,0.5,4.05,0.6000000000000001,0.1
65305,3,All B are C,All A are C,2.1,0.3,2,3,20,1,0.5,4.05,0.6000000000000001,0.1
65305,4,All B are C,No A are B,2.75,1.8131,2,8,20,1,0.5,4.05,0.6000000000000001,0.1
65322,1,All B are C,No A are C,2.0,0.0,2,2,20,1,0.5,4.05,0.2,0.9
65322,2,All B are C,All A are B,2.75,0.433,2,3,20,1,0.5,4.05,0.2,0.9
65322,3,All B are C,All A are C,2.85,0.3571,2,3,20,1,0.5,4.05,0.2,0.9
65322,4,All B are C,No A are B,6.65,1.6815,2,8,20,1,0.5,4.05,0.2,0.9
65323,1,All B are C,No A are C,2.0,0.0,2,2,20,1,0.5,4.05,0.6000000000000001,0.1
65323,2,All B are C,All A are B,2.0,0.0,2,2,20,1,0.5,4.05,0.6000000000000001,0.1
65323,3,All B are C,All A are C,2.1,0.3,2,3,20,1,0.5,4.05,0.6000000000000001,0.1
65323,4,All B are C,No A are B,2.75,1.8131,2,8,20,1,0.5,4.05,0.6000000000000001,0.1
65466,1,All B are C,No A are C,2.0,0.0,2,2,20,1,0.5,4.05,0.6000000000000001,0.1
65466,2,All B are C,All A are B,2.0,0.0,2,2,20,1,0.5,4.05,0.6000000000000001,0.1
65466,3,All B are C,All A are C,2.1,0.3,2,3,20,1,0.5,4.05,0.6000000000000001,0.1
65466,4,All B are C,No A are B,2.75,1.8131,2,8,20,1,0.5,4.05,0.6000000000000001,0.1
65502,1,All B are C,No A are C,2.0,0.0,2,2,20,1,0.5,4.05,0.2,0.9
65502,2,All B are C,All A are B,2.75,0.433,2,3,20,1,0.5,4.05,0.2,0.9
65502,3,All B are C,All A are C,2.85,0.3571,2,3,20,1,0.5,4.05,0.2,0.9
65502,4,All B are C,No A are B,6.65,1.6815,2,8,20,1,0.5,4.05,0.2,0.9
65527,1,All B are C,No A are C,2.0,0.0,2,2,20,1,0.5,4.05,0.7000000000000001,0.9
65527,2,All B are C,All A are B,2.5,0.5,2,3,20,1,0.5,4.05,0.7000000000000001,0.9
65527,3,All B are C,All A are C,2.95,0.2179,2,3,20,1,0.5,4.05,0.7000000000000001,0.9
65527,4,All B are C,No A are B,6.6,1.241,2,8,20,1,0.5,4.05,0.7000000000000001,0.9
65554,1,All B are C,No A are C,2.0,0.0,2,2,20,1,0.5,4.05,0.2,0.9
65554,2,All B are C,All A are B,2.75,0.433,2,3,20,1,0.5,4.05,0.2,0.9
65554,3,All B are C,All A are C,2.85,0.3571,2,3,20,1,0.5,4.05,0.2,0.9
65554,4,All B are C,No A are B,6.65,1.6815,2,8,20,1,0.5,4.05,0.2,0.9
65585,1,All B are C,No A are C,2.0,0.0,2,2,20,1,0.5,4.05,0.2,0.9
65585,2,All B are C,All A are B,2.75,0.433,2,3,20,1,0.5,4.05,0.2,0.9
65585,3,All B are C,All A are C,2.85,0.3571,2,3,20,1,0.5,4.05,0.2,0.9
65585,4,All B are C,No A are B,6.65,1.6815,2,8,20,1,0.5,4.05,0.2,0.9
65600,1,All B are C,No A are C,2.0,0.0,2,2,20,1,0.5,4.05,0.6000000000000001,0.1
65600,2,All B are C,All A are B,2.0,0.0,2,2,20,1,0.5,4.05,0.6000000000000001,0.1
65600,3,All B are C,All A are C,2.1,0.3,2,3,20,1,0.5,4.05,0.6000000000000001,0.1
65600,4,All B are C,No A are B,2.75,1.8131,2,8,20,1,0.5,4.05,0.6000000000000001,0.1
65909,1,All B are C,No A are C,2.0,0.0,2,2,20,1,0.5,4.05,0.6000000000000001,0.1
65909,2,All B are C,All A are B,2.0,0.0,2,2,20,1,0.5,4.05,0.6000000000000001,0.1
65909,3,All B are C,All A are C,2.1,0.3,2,3,20,1,0.5,4.05,0.6000000000000001,0.1
65909,4,All B are C,No A are B,2.75,1.8131,2,8,20,1,0.5,4.05,0.6000000000000001,0.1
65973,1,All B are C,No A are C,2.0,0.0,2,2,20,1,0.5,4.05,0.2,0.9
65973,2,All B are C,All A are B,2.75,0.433,2,3,20,1,0.5,4.05,0.2,0.9
65973,3,All B are C,All A are C,2.85,0.3571,2,3,20,1,0.5,4.05,0.2,0.9
65973,4,All B are C,No A are B,6.65,1.6815,2,8,20,1,0.5,4.05,0.2,0.9
65995,1,All B are C,No A are C,2.0,0.0,2,2,20,1,0.5,4.05,0.6000000000000001,0.1
65995,2,All B are C,All A are B,2.0,0.0,2,2,20,1,0.5,4.05,0.6000000000000001,0.1
65995,3,All B are C,All A are C,2.1,0.3,2,3,20,1,0.5,4.05,0.6000000000000001,0.1
65995,4,All B are C,No A are B,2.75,1.8131,2,8,20,1,0.5,4.05,0.6000000000000001,0.1
66020,1,All B are C,No A are C,2.0,0.0,2,2,20,1,0.5,4.05,0.6000000000000001,0.1
66020,2,All B are C,All A are B,2.0,0.0,2,2,20,1,0.5,4.05,0.6000000000000001,0.1
66020,3,All B are C,All A are C,2.1,0.3,2,3,20,1,0.5,4.05,0.6000000000000001,0.1
66020,4,All B are C,No A are B,2.75,1.8131,2,8,20,1,0.5,4.05,0.6000000000000001,0.1
66022,1,All B are C,No A are C,2.0,0.0,2,2,20,1,0.5,4.05,0.6000000000000001,0.1
66022,2,All B are C,All A are B,2.0,0.0,2,2,20,1,0.5,4.05,0.6000000000000001,0.1
66022,3,All B are C,All A are C,2.1,0.3,2,3,20,1,0.5,4.05,0.6000000000000001,0.1
66022,4,All B are C,No A are B,2.75,1.8131,2,8,20,1,0.5,4.05,0.6000000000000001,0.1
66036,1,All B are C,No A are C,2.0,0.0,2,2,20,1,0.6000000000000001,3.2600000000000002,0.0,0.5
66036,2,All B are C,All A are B,2.3,0.4583,2,3,20,1,0.6000000000000001,3.2600000000000002,0.0,0.5
66036,3,All B are C,All A are C,2.45,0.4975,2,3,20,1,0.6000000000000001,3.2600000000000002,0.0,0.5
66036,4,All B are C,No A are B,4.2,2.2271,2,7,20,1,0.6000000000000001,3.2600000000000002,0.0,0.5
66050,1,All B are C,No A are C,2.0,0.0,2,2,20,1,0.5,4.05,0.6000000000000001,0.1
66050,2,All B are C,All A are B,2.0,0.0,2,2,20,1,0.5,4.05,0.6000000000000001,0.1
66050,3,All B are C,All A are C,2.1,0.3,2,3,20,1,0.5,4.05,0.6000000000000001,0.1
66050,4,All B are C,No A are B,2.75,1.8131,2,8,20,1,0.5,4.05,0.6000000000000001,0.1
66057,1,All B are C,No A are C,2.0,0.0,2,2,20,1,0.5,4.05,0.2,0.9
66057,2,All B are C,All A are B,2.75,0.433,2,3,20,1,0.5,4.05,0.2,0.9
66057,3,All B are C,All A are C,2.85,0.3571,2,3,20,1,0.5,4.05,0.2,0.9
66057,4,All B are C,No A are B,6.65,1.6815,2,8,20,1,0.5,4.05,0.2,0.9
66073,1,All B are C,No A are C,2.0,0.0,2,2,20,1,0.5,4.05,0.6000000000000001,0.1
66073,2,All B are C,All A are B,2.0,0.0,2,2,20,1,0.5,4.05,0.6000000000000001,0.1
66073,3,All B are C,All A are C,2.1,0.3,2,3,20,1,0.5,4.05,0.6000000000000001,0.1
66073,4,All B are C,No A are B,2.75,1.8131,2,8,20,1,0.5,4.05,0.6000000000000001,0.1
66085,1,All B are C,No A are C,2.0,0.0,2,2,20,1,0.5,4.05,0.2,0.9
66085,2,All B are C,All A are B,2.75,0.433,2,3,20,1,0.5,4.05,0.2,0.9
66085,3,All B are C,All A are C,2.85,0.3571,2,3,20,1,0.5,4.05,0.2,0.9
66085,4,All B are C,No A are B,6.65,1.6815,2,8,20,1,0.5,4.05,0.2,0.9
66087,1,All B are C,No A are C,2.0,0.0,2,2,20,1,0.5,4.05,0.2,0.9
66087,2,All B are C,All A are B,2.75,0.433,2,3,20,1,0.5,4.05,0.2,0.9
66087,3,All B are C,All A are C,2.85,0.3571,2,3,20,1,0.5,4.05,0.2,0.9
66087,4,All B are C,No A are B,6.65,1.6815,2,8,20,1,0.5,4.05,0.2,0.9
66089,1,All B are C,No A are C,2.0,0.0,2,2,20,1,0.5,4.05,0.2,0.9
66089,2,All B are C,All A are B,2.75,0.433,2,3,20,1,0.5,4.05,0.2,0.9
66089,3,All B are C,All A are C,2.85,0.3571,2,3,20,1,0.5,4.05,0.2,0.9
66089,4,All B are C,No A are B,6.65,1.6815,2,8,20,1,0.5,4.05,0.2,0.9
66121,1,All B are C,No A are C,2.0,0.0,2,2,20,1,0.5,4.05,0.2,0.9
66121,2,All B are C,All A are B,2.75,0.433,2,3,20,1,0.5,4.05,0.2,0.9
66121,3,All B are C,All A are C,2.85,0.3571,2,3,20,1,0.5,4.05,0.2,0.9
66121,4,All B are C,No A are B,6.65,1.6815,2,8,20,1,0.5,4.05,0.2,0.9
66151,1,All B are C,No A are C,2.0,0.0,2,2,20,1,0.5,4.05,0.2,0.9
66151,2,All B are C,All A are B,2.75,0.433,2,3,20,1,0.5,4.05,0.2,0.9
66151,3,All B are C,All A are C,2.85,0.3571,2,3,20,1,0.5,4.05,0.2,0.9
66151,4,All B are C,No A are B,6.65,1.6815,2,8,20,1,0.5,4.05,0.2,0.9
66157,1,All B are C,No A are C,2.0,0.0,2,2,20,1,0.5,4.05,0.5,0.8
66157,2,All B are C,All A are B,2.4,0.4899,2,3,20,1,0.5,4.05,0.5,0.8
66157,3,All B are C,All A are C,2.75,0.433,2,3,20,1,0.5,4.05,0.5,0.8
66157,4,All B are C,No A are B,6.15,2.1972,2,8,20,1,0.5,4.05,0.5,0.8
66201,1,All B are C,No A are C,2.0,0.0,2,2,20,1,0.6000000000000001,3.2600000000000002,0.0,0.5
66201,2,All B are C,All A are B,2.3,0.4583,2,3,20,1,0.6000000000000001,3.2600000000000002,0.0,0.5
66201,3,All B are C,All A are C,2.45,0.4975,2,3,20,1,0.6000000000000001,3.2600000000000002,0.0,0.5
66201,4,All B are C,No A are B,4.2,2.2271,2,7,20,1,0.6000000000000001,3.2600000000000002,0.0,0.5
66206,1,All B are C,No A are C,2.0,0.0,2,2,20,1,0.5,4.05,0.2,0.9
66206,2,All B are C,All A are B,2.75,0.433,2,3,20,1,0.5,4.05,0.2,0.9
66206,3,All B are C,All A are C,2.85,0.3571,2,3,20,1,0.5,4.05,0.2,0.9
66206,4,All B are C,No A are B,6.65,1.6815,2,8,20,1,0.5,4.05,0.2,0.9
66275,1,All B are C,No A are C,2.0,0.0,2,2,20,1,0.5,4.05,0.6000000000000001,0.4
66275,2,All B are C,All A are B,2.25,0.433,2,3,20,1,0.5,4.05,0.6000000000000001,0.4
66275,3,All B are C,All A are C,2.45,0.4975,2,3,20,1,0.5,4.05,0.6000000000000001,0.4
66275,4,All B are C,No A are B,3.05,2.1325,2,8,20,1,0.5,4.05,0.6000000000000001,0.4
66305,1,All B are C,No A are C,2.0,0.0,2,2,20,1,0.5,4.05,0.6000000000000001,0.1
66305,2,All B are C,All A are B,2.0,0.0,2,2,20,1,0.5,4.05,0.6000000000000001,0.1
66305,3,All B are C,All A are C,2.1,0.3,2,3,20,1,0.5,4.05,0.6000000000000001,0.1
66305,4,All B are C,No A are B,2.75,1.8131,2,8,20,1,0.5,4.05,0.6000000000000001,0.1
66312,1,All B are C,No A are C,2.0,0.0,2,2,20,1,0.5,4.05,0.2,0.9
66312,2,All B are C,All A are B,2.75,0.433,2,3,20,1,0.5,4.05,0.2,0.9
66312,3,All B are C,All A are C,2.85,0.3571,2,3,20,1,0.5,4.05,0.2,0.9
66312,4,All B are C,No A are B,6.65,1.6815,2,8,20,1,0.5,4.05,0.2,0.9
66314,1,All B are C,No A are C,2.0,0.0,2,2,20,1,0.6000000000000001,3.2600000000000002,0.0,0.5
66314,2,All B are C,All A are B,2.3,0.4583,2,3,20,1,0.6000000000000001,3.2600000000000002,0.0,0.5
66314,3,All B are C,All A are C,2.45,0.4975,2,3,20,1,0.6000000000000001,3.2600000000000002,0.0,0.5
66314,4,All B are C,No A are B,4.2,2.2271,2,7,20,1,0.6000000000000001,3.2600000000000002,0.0,0.5
66373,1,All B are C,No A are C,2.0,0.0,2,2,20,1,0.6000000000000001,3.2600000000000002,0.0,0.5
66373,2,All B are C,All A are B,2.3,0.4583,2,3,20,1,0.6000000000000001,3.2600000000000002,0.0,0.5
66373,3,All B are C,All A are C,2.45,0.4975,2,3,20,1,0.6000000000000001,3.2600000000000002,0.0,0.5
66373,4,All B are C,No A are B,4.2,2.2271,2,7,20,1,0.6000000000000001,3.2600000000000002,0.0,0.5
66420,1,All B are C,No A are C,2.0,0.0,2,2,20,1,0.5,4.05,0.5,0.5
66420,2,All B are C,All A are B,2.35,0.477,2,3,20,1,0.5,4.05,0.5,0.5
66420,3,All B are C,All A are C,2.5,0.5,2,3,20,1,0.5,4.05,0.5,0.5
66420,4,All B are C,No A are B,4.7,2.492,2,8,20,1,0.5,4.05,0.5,0.5
66520,1,All B are C,No A are C,2.0,0.0,2,2,20,1,0.5,4.05,0.2,0.9
66520,2,All B are C,All A are B,2.75,0.433,2,3,20,1,0.5,4.05,0.2,0.9
66520,3,All B are C,All A are C,2.85,0.3571,2,3,20,1,0.5,4.05,0.2,0.9
66520,4,All B are C,No A are B,6.65,1.6815,2,8,20,1,0.5,4.05,0.2,0.9
67013,1,All B are C,No A are C,2.0,0.0,2,2,20,1,0.6000000000000001,3.2600000000000002,0.0,0.5
67013,2,All B are C,All A are B,2.3,0.4583,2,3,20,1,0.6000000000000001,3.2600000000000002,0.0,0.5
67013,3,All B are C,All A are C,2.45,0.4975,2,3,20,1,0.6000000000000001,3.2600000000000002,0.0,0.5
67013,4,All B are C,No A are B,4.2,2.2271,2,7,20,1,0.6000000000000001,3.2600000000000002,0.0,0.5
67024,1,All B are C,No A are C,2.0,0.0,2,2,20,1,0.5,4.05,0.5,0.2
67024,2,All B are C,All A are B,2.15,0.3571,2,3,20,1,0.5,4.05,0.5,0.2
67024,3,All B are C,All A are C,2.2,0.4,2,3,20,1,0.5,4.05,0.5,0.2
67024,4,All B are C,No A are B,2.5,1.533,2,8,20,1,0.5,4.05,0.5,0.2
67026,1,All B are C,No A are C,2.0,0.0,2,2,20,1,0.5,4.05,0.5,0.2
67026,2,All B are C,All A are B,2.15,0.3571,2,3,20,1,0.5,4.05,0.5,0.2
67026,3,All B are C,All A are C,2.2,0.4,2,3,20,1,0.5,4.05,0.5,0.2
67026,4,All B are C,No A are B,2.5,1.533,2,8,20,1,0.5,4.05,0.5,0.2
67038,1,All B are C,No A are C,2.0,0.0,2,2,20,1,0.5,4.05,0.2,0.9
67038,2,All B are C,All A are B,2.75,0.433,2,3,20,1,0.5,4.05,0.2,0.9
67038,3,All B are C,All A are C,2.85,0.3571,2,3,20,1,0.5,4.05,0.2,0.9
67038,4,All B are C,No A are B,6.65,1.6815,2,8,20,1,0.5,4.05,0.2,0.9
67058,1,All B are C,No A are C,2.0,0.0,2,2,20,1,0.5,4.05,0.2,0.9
67058,2,All B are C,All A are B,2.75,0.433,2,3,20,1,0.5,4.05,0.2,0.9
67058,3,All B are C,All A are C,2.85,0.3571,2,3,20,1,0.5,4.05,0.2,0.9
67058,4,All B are C,No A are B,6.65,1.6815,2,8,20,1,0.5,4.05,0.2,0.9
67100,1,All B are C,No A are C,2.0,0.0,2,2,20,1,0.5,4.05,0.5,0.2
67100,2,All B are C,All A are B,2.15,0.3571,2,3,20,1,0.5,4.05,0.5,0.2
67100,3,All B are C,All A are C,2.2,0.4,2,3,20,1,0.5,4.05,0.5,0.2
67100,4,All B are C,No A are B,2.5,1.533,2,8,20,1,0.5,4.05,0.5,0.2
67105,1,All B are C,No A are C,2.0,0.0,2,2,20,1,0.5,4.05,0.2,0.9
67105,2,All B are C,All A are B,2.75,0.433,2,3,20,1,0.5,4.05,0.2,0.9
67105,3,All B are C,All A are C,2.85,0.3571,2,3,20,1,0.5,4.05,0.2,0.9
67105,4,All B are C,No A are B,6.65,1.6815,2,8,20,1,0.5,4.05,0.2,0.9
67144,1,All B are C,No A are C,2.0,0.0,2,2,20,1,0.6000000000000001,3.2600000000000002,0.0,0.5
67144,2,All B are C,All A are B,2.3,0.4583,2,3,20,1,0.6000000000000001,3.2600000000000002,0.0,0.5
67144,3,All B are C,All A are C,2.45,0.4975,2,3,20,1,0.6000000000000001,3.2600000000000002,0.0,0.5
67144,4,All B are C,No A are B,4.2,2.2271,2,7,20,1,0.6000000000000001,3.2600000000000002,0.0,0.5
67165,1,All B are C,No A are C,2.0,0.0,2,2,20,1,0.5,4.05,0.2,0.9
67165,2,All B are C,All A are B,2.75,0.433,2,3,20,1,0.5,4.05,0.2,0.9
67165,3,All B are C,All A are C,2.85,0.3571,2,3,20,1,0.5,4.05,0.2,0.9
67165,4,All B are C,No A are B,6.65,1.6815,2,8,20,1,0.5,4.05,0.2,0.9
67179,1,All B are C,No A are C,2.0,0.0,2,2,20,1,0.6000000000000001,3.2600000000000002,0.0,0.5
67179,2,All B are C,All A are B,2.3,0.4583,2,3,20,1,0.6000000000000001,3.2600000000000002,0.0,0.5
67179,3,All B are C,All A are C,2.45,0.4975,2,3,20,1,0.6000000000000001,3.2600000000000002,0.0,0.5
67179,4,All B are C,No A are B,4.2,2.2271,2,7,20,1,0.6000000000000001,3.2600000000000002,0.0,0.5
67180,1,All B are C,No A are C,2.0,0.0,2,2,20,1,0.5,4.05,0.2,0.9
67180,2,All B are C,All A are B,2.75,0.433,2,3,20,1,0.5,4.05,0.2,0.9
67180,3,All B are C,All A are C,2.85,0.3571,2,3,20,1,0.5,4.05,0.2,0.9
67180,4,All B are C,No A are B,6.65,1.6815,2,8,20,1,0.5,4.05,0.2,0.9
67186,1,All B are C,No A are C,2.0,0.0,2,2,20,1,0.5,4.05,0.6000000000000001,0.4
67186,2,All B are C,All A are B,2.25,0.433,2,3,20,1,0.5,4.05,0.6000000000000001,0.4
67186,3,All B are C,All A are C,2.45,0.4975,2,3,20,1,0.5,4.05,0.6000000000000001,0.4
67186,4,All B are C,No A are B,3.05,2.1325,2,8,20,1,0.5,4.05,0.6000000000000001,0.4
67194,1,All B are C,No A are C,2.0,0.0,2,2,20,1,0.6000000000000001,3.2600000000000002,0.0,0.5
67194,2,All B are C,All A are B,2.3,0.4583,2,3,20,1,0.6000000000000001,3.2600000000000002,0.0,0.5
67194,3,All B are C,All A are C,2.45,0.4975,2,3,20,1,0.6000000000000001,3.2600000000000002,0.0,0.5
67194,4,All B are C,No A are B,4.2,2.2271,2,7,20,1,0.6000000000000001,3.2600000000000002,0.0,0.5
67212,1,All B are C,No A are C,2.0,0.0,2,2,20,1,0.5,4.05,0.6000000000000001,0.1
67212,2,All B are C,All A are B,2.0,0.0,2,2,20,1,0.5,4.05,0.6000000000000001,0.1
67212,3,All B are C,All A are C,2.1,0.3,2,3,20,1,0.5,4.05,0.6000000000000001,0.1
67212,4,All B are C,No A are B,2.75,1.8131,2,8,20,1,0.5,4.05,0.6000000000000001,0.1
67245,1,All B are C,No A are C,2.0,0.0,2,2,20,1,0.6000000000000001,3.2600000000000002,0.0,0.5
67245,2,All B are C,All A are B,2.3,0.4583,2,3,20,1,0.6000000000000001,3.2600000000000002,0.0,0.5
67245,3,All B are C,All A are C,2.45,0.4975,2,3,20,1,0.6000000000000001,3.2600000000000002,0.0,0.5
67245,4,All B are C,No A are B,4.2,2.2271,2,7,20,1,0.6000000000000001,3.2600000000000002,0.0,0.5
67311,1,All B are C,No A are C,2.0,0.0,2,2,20,1,0.5,4.05,0.2,0.9
67311,2,All B are C,All A are B,2.75,0.433,2,3,20,1,0.5,4.05,0.2,0.9
67311,3,All B are C,All A are C,2.85,0.3571,2,3,20,1,0.5,4.05,0.2,0.9
67311,4,All B are C,No A are B,6.65,1.6815,2,8,20,1,0.5,4.05,0.2,0.9
67317,1,All B are C,No A are C,2.0,0.0,2,2,20,1,0.5,4.05,0.2,0.9
67317,2,All B are C,All A are B,2.75,0.433,2,3,20,1,0.5,4.05,0.2,0.9
67317,3,All B are C,All A are C,2.85,0.3571,2,3,20,1,0.5,4.05,0.2,0.9
67317,4,All B are C,No A are B,6.65,1.6815,2,8,20,1,0.5,4.05,0.2,0.9
67323,1,All B are C,No A are C,2.0,0.0,2,2,20,1,0.5,4.05,0.6000000000000001,0.4
67323,2,All B are C,All A are B,2.25,0.433,2,3,20,1,0.5,4.05,0.6000000000000001,0.4
67323,3,All B are C,All A are C,2.45,0.4975,2,3,20,1,0.5,4.05,0.6000000000000001,0.4
67323,4,All B are C,No A are B,3.05,2.1325,2,8,20,1,0.5,4.05,0.6000000000000001,0.4
67339,1,All B are C,No A are C,2.0,0.0,2,2,20,1,0.5,4.05,0.6000000000000001,0.1
67339,2,All B are C,All A are B,2.0,0.0,2,2,20,1,0.5,4.05,0.6000000000000001,0.1
67339,3,All B are C,All A are C,2.1,0.3,2,3,20,1,0.5,4.05,0.6000000000000001,0.1
67339,4,All B are C,No A are B,2.75,1.8131,2,8,20,1,0.5,4.05,0.6000000000000001,0.1
67424,1,All B are C,No A are C,2.0,0.0,2,2,20,1,0.5,4.05,0.2,0.9
67424,2,All B are C,All A are B,2.75,0.433,2,3,20,1,0.5,4.05,0.2,0.9
67424,3,All B are C,All A are C,2.85,0.3571,2,3,20,1,0.5,4.05,0.2,0.9
67424,4,All B are C,No A are B,6.65,1.6815,2,8,20,1,0.5,4.05,0.2,0.9
67454,1,All B are C,No A are C,2.0,0.0,2,2,20,1,0.5,4.05,0.6000000000000001,0.1
67454,2,All B are C,All A are B,2.0,0.0,2,2,20,1,0.5,4.05,0.6000000000000001,0.1
67454,3,All B are C,All A are C,2.1,0.3,2,3,20,1,0.5,4.05,0.6000000000000001,0.1
67454,4,All B are C,No A are B,2.75,1.8131,2,8,20,1,0.5,4.05,0.6000000000000001,0.1
68007,1,All B are C,No A are C,2.0,0.0,2,2,20,1,0.5,4.05,0.2,0.9
68007,2,All B are C,All A are B,2.75,0.433,2,3,20,1,0.5,4.05,0.2,0.9
68007,3,All B are C,All A are C,2.85,0.3571,2,3,20,1,0.5,4.05,0.2,0.9
68007,4,All B are C,No A are B,6.65,1.6815,2,8,20,1,0.5,4.05,0.2,0.9
68016,1,All B are C,No A are C,2.0,0.0,2,2,20,1,0.5,4.05,0.6000000000000001,0.1
68016,2,All B are C,All A are B,2.0,0.0,2,2,20,1,0.5,4.05,0.6000000000000001,0.1
68016,3,All B are C,All A are C,2.1,0.3,2,3,20,1,0.5,4.05,0.6000000000000001,0.1
68016,4,All B are C,No A are B,2.75,1.8131,2,8,20,1,0.5,4.05,0.6000000000000001,0.1
68027,1,All B are C,No A are C,2.0,0.0,2,2,20,1,0.6000000000000001,3.2600000000000002,0.0,0.5
68027,2,All B are C,All A are B,2.3,0.4583,2,3,20,1,0.6000000000000001,3.2600000000000002,0.0,0.5
68027,3,All B are C,All A are C,2.45,0.4975,2,3,20,1,0.6000000000000001,3.2600000000000002,0.0,0.5
68027,4,All B are C,No A are B,4.2,2.2271,2,7,20,1,0.6000000000000001,3.2600000000000002,0.0,0.5
68051,1,All B are C,No A are C,2.0,0.0,2,2,20,1,0.5,4.05,0.2,0.9
68051,2,All B are C,All A are B,2.75,0.433,2,3,20,1,0.5,4.05,0.2,0.9
68051,3,All B are C,All A are C,2.85,0.3571,2,3,20,1,0.5,4.05,0.2,0.9
68051,4,All B are C,No A are B,6.65,1.6815,2,8,20,1,0.5,4.05,0.2,0.9
68124,1,All B are C,No A are C,2.0,0.0,2,2,20,1,0.6000000000000001,3.2600000000000002,0.0,0.5
68124,2,All B are C,All A are B,2.3,0.4583,2,3,20,1,0.6000000000000001,3.2600000000000002,0.0,0.5
68124,3,All B are C,All A are C,2.45,0.4975,2,3,20,1,0.6000000000000001,3.2600000000000002,0.0,0.5
68124,4,All B are C,No A are B,4.2,2.2271,2,7,20,1,0.6000000000000001,3.2600000000000002,0.0,0.5
68138,1,All B are C,No A are C,2.0,0.0,2,2,20,1,0.6000000000000001,3.2600000000000002,0.0,0.5
68138,2,All B are C,All A are B,2.3,0.4583,2,3,20,1,0.6000000000000001,3.2600000000000002,0.0,0.5
68138,3,All B are C,All A are C,2.45,0.4975,2,3,20,1,0.6000000000000001,3.2600000000000002,0.0,0.5
68138,4,All B are C,No A are B,4.2,2.2271,2,7,20,1,0.6000000000000001,3.2600000000000002,0.0,0.5
68193,1,All B are C,No A are C,2.0,0.0,2,2,20,1,0.5,4.05,0.2,0.9
68193,2,All B are C,All A are B,2.75,0.433,2,3,20,1,0.5,4.05,0.2,0.9
68193,3,All B are C,All A are C,2.85,0.3571,2,3,20,1,0.5,4.05,0.2,0.9
68193,4,All B are C,No A are B,6.65,1.6815,2,8,20,1,0.5,4.05,0.2,0.9
68195,1,All B are C,No A are C,2.0,0.0,2,2,20,1,0.5,4.05,0.7000000000000001,0.9
68195,2,All B are C,All A are B,2.5,0.5,2,3,20,1,0.5,4.05,0.7000000000000001,0.9
68195,3,All B are C,All A are C,2.95,0.2179,2,3,20,1,0.5,4.05,0.7000000000000001,0.9
68195,4,All B are C,No A are B,6.6,1.241,2,8,20,1,0.5,4.05,0.7000000000000001,0.9
68200,1,All B are C,No A are C,2.0,0.0,2,2,20,1,0.6000000000000001,3.2600000000000002,0.0,0.5
68200,2,All B are C,All A are B,2.3,0.4583,2,3,20,1,0.6000000000000001,3.2600000000000002,0.0,0.5
68200,3,All B are C,All A are C,2.45,0.4975,2,3,20,1,0.6000000000000001,3.2600000000000002,0.0,0.5
68200,4,All B are C,No A are B,4.2,2.2271,2,7,20,1,0.6000000000000001,3.2600000000000002,0.0,0.5
68255,1,All B are C,No A are C,2.0,0.0,2,2,20,1,0.5,4.05,0.6000000000000001,0.1
68255,2,All B are C,All A are B,2.0,0.0,2,2,20,1,0.5,4.05,0.6000000000000001,0.1
68255,3,All B are C,All A are C,2.1,0.3,2,3,20,1,0.5,4.05,0.6000000000000001,0.1
68255,4,All B are C,No A are B,2.75,1.8131,2,8,20,1,0.5,4.05,0.6000000000000001,0.1
68293,1,All B are C,No A are C,2.0,0.0,2,2,20,1,0.5,4.05,0.5,0.5
68293,2,All B are C,All A are B,2.35,0.477,2,3,20,1,0.5,4.05,0.5,0.5
68293,3,All B are C,All A are C,2.5,0.5,2,3,20,1,0.5,4.05,0.5,0.5
68293,4,All B are C,No A are B,4.7,2.492,2,8,20,1,0.5,4.05,0.5,0.5
68411,1,All B are C,No A are C,2.0,0.0,2,2,20,1,0.5,4.05,0.2,0.9
68411,2,All B are C,All A are B,2.75,0.433,2,3,20,1,0.5,4.05,0.2,0.9
68411,3,All B are C,All A are C,2.85,0.3571,2,3,20,1,0.5,4.05,0.2,0.9
68411,4,All B are C,No A are B,6.65,1.6815,2,8,20,1,0.5,4.05,0.2,0.9
68425,1,All B are C,No A are C,2.0,0.0,2,2,20,1,0.5,4.05,0.2,0.9
68425,2,All B are C,All A are B,2.75,0.433,2,3,20,1,0.5,4.05,0.2,0.9
68425,3,All B are C,All A are C,2.85,0.3571,2,3,20,1,0.5,4.05,0.2,0.9
68425,4,All B are C,No A are B,6.65,1.6815,2,8,20,1,0.5,4.05,0.2,0.9
68426,1,All B are C,No A are C,2.0,0.0,2,2,20,1,0.5,4.05,0.5,0.5
68426,2,All B are C,All A are B,2.35,0.477,2,3,20,1,0.5,4.05,0.5,0.5
68426,3,All B are C,All A are C,2.5,0.5,2,3,20,1,0.5,4.05,0.5,0.5
68426,4,All B are C,No A are B,4.7,2.492,2,8,20,1,0.5,4.05,0.5,0.5
68542,1,All B are C,No A are C,2.0,0.0,2,2,20,1,0.5,4.05,0.2,0.9
68542,2,All B are C,All A are B,2.75,0.433,2,3,20,1,0.5,4.05,0.2,0.9
68542,3,All B are C,All A are C,2.85,0.3571,2,3,20,1,0.5,4.05,0.2,0.9
68542,4,All B are C,No A are B,6.65,1.6815,2,8,20,1,0.5,4.05,0.2,0.9
68549,1,All B are C,No A are C,2.0,0.0,2,2,20,1,0.5,4.05,0.2,0.9
68549,2,All B are C,All A are B,2.75,0.433,2,3,20,1,0.5,4.05,0.2,0.9
68549,3,All B are C,All A are C,2.85,0.3571,2,3,20,1,0.5,4.05,0.2,0.9
68549,4,All B are C,No A are B,6.65,1.6815,2,8,20,1,0.5,4.05,0.2,0.9
68786,1,All B are C,No A are C,2.0,0.0,2,2,20,1,0.5,4.05,0.2,0.9
68786,2,All B are C,All A are B,2.75,0.433,2,3,20,1,0.5,4.05,0.2,0.9
68786,3,All B are C,All A are C,2.85,0.3571,2,3,20,1,0.5,4.05,0.2,0.9
68786,4,All B are C,No A are B,6.65,1.6815,2,8,20,1,0.5,4.05,0.2,0.9
68800,1,All B are C,No A are C,2.0,0.0,2,2,20,1,0.5,4.05,0.6000000000000001,0.1
68800,2,All B are C,All A are B,2.0,0.0,2,2,20,1,0.5,4.05,0.6000000000000001,0.1
68800,3,All B are C,All A are C,2.1,0.3,2,3,20,1,0.5,4.05,0.6000000000000001,0.1
68800,4,All B are C,No A are B,2.75,1.8131,2,8,20,1,0.5,4.05,0.6000000000000001,0.1
68832,1,All B are C,No A are C,2.0,0.0,2,2,20,1,0.5,4.05,0.2,0.9
68832,2,All B are C,All A are B,2.75,0.433,2,3,20,1,0.5,4.05,0.2,0.9
68832,3,All B are C,All A are C,2.85,0.3571,2,3,20,1,0.5,4.05,0.2,0.9
68832,4,All B are C,No A are B,6.65,1.6815,2,8,20,1,0.5,4.05,0.2,0.9
68850,1,All B are C,No A are C,2.0,0.0,2,2,20,1,0.5,4.05,0.2,0.9
68850,2,All B are C,All A are B,2.75,0.433,2,3,20,1,0.5,4.05,0.2,0.9
68850,3,All B are C,All A are C,2.85,0.3571,2,3,20,1,0.5,4.05,0.2,0.9
68850,4,All B are C,No A are B,6.65,1.6815,2,8,20,1,0.5,4.05,0.2,0.9
68881,1,All B are C,No A are C,2.0,0.0,2,2,20,1,0.5,4.05,0.5,0.2
68881,2,All B are C,All A are B,2.15,0.3571,2,3,20,1,0.5,4.05,0.5,0.2
68881,3,All B are C,All A are C,2.2,0.4,2,3,20,1,0.5,4.05,0.5,0.2
68881,4,All B are C,No A are B,2.5,1.533,2,8,20,1,0.5,4.05,0.5,0.2
68882,1,All B are C,No A are C,2.0,0.0,2,2,20,1,0.5,4.05,0.2,0.9
68882,2,All B are C,All A are B,2.75,0.433,2,3,20,1,0.5,4.05,0.2,0.9
68882,3,All B are C,All A are C,2.85,0.3571,2,3,20,1,0.5,4.05,0.2,0.9
68882,4,All B are C,No A are B,6.65,1.6815,2,8,20,1,0.5,4.05,0.2,0.9
68896,1,All B are C,No A are C,2.0,0.0,2,2,20,1,0.5,4.05,0.2,0.9
68896,2,All B are C,All A are B,2.75,0.433,2,3,20,1,0.5,4.05,0.2,0.9
68896,3,All B are C,All A are C,2.85,0.3571,2,3,20,1,0.5,4.05,0.2,0.9
68896,4,All B are C,No A are B,6.65,1.6815,2,8,20,1,0.5,4.05,0.2,0.9
68906,1,All B are C,No A are C,2.0,0.0,2,2,20,1,0.5,4.05,0.6000000000000001,0.1
68906,2,All B are C,All A are B,2.0,0.0,2,2,20,1,0.5,4.05,0.6000000000000001,0.1
68906,3,All B are C,All A are C,2.1,0.3,2,3,20,1,0.5,4.05,0.6000000000000001,0.1
68906,4,All B are C,No A are B,2.75,1.8131,2,8,20,1,0.5,4.05,0.6000000000000001,0.1
68939,1,All B are C,No A are C,2.0,0.0,2,2,20,1,0.6000000000000001,3.2600000000000002,0.0,0.5
68939,2,All B are C,All A are B,2.3,0.4583,2,3,20,1,0.6000000000000001,3.2600000000000002,0.0,0.5
68939,3,All B are C,All A are C,2.45,0.4975,2,3,20,1,0.6000000000000001,3.2600000000000002,0.0,0.5
68939,4,All B are C,No A are B,4.2,2.2271,2,7,20,1,0.6000000000000001,3.2600000000000002,0.0,0.5
68987,1,All B are C,No A are C,2.0,0.0,2,2,20,1,0.5,4.05,0.2,0.9
68987,2,All B are C,All A are B,2.75,0.433,2,3,20,1,0.5,4.05,0.2,0.9
68987,3,All B are C,All A are C,2.85,0.3571,2,3,20,1,0.5,4.05,0.2,0.9
68987,4,All B are C,No A are B,6.65,1.6815,2,8,20,1,0.5,4.05,0.2,0.9
69019,1,All B are C,No A are C,2.0,0.0,2,2,20,1,0.5,4.05,0.7000000000000001,0.9
69019,2,All B are C,All A are B,2.5,0.5,2,3,20,1,0.5,4.05,0.7000000000000001,0.9
69019,3,All B are C,All A are C,2.95,0.2179,2,3,20,1,0.5,4.05,0.7000000000000001,0.9
69019,4,All B are C,No A are B,6.6,1.241,2,8,20,1,0.5,4.05,0.7000000000000001,0.9
69283,1,All B are C,No A are C,2.0,0.0,2,2,20,1,0.5,4.05,0.6000000000000001,0.1
69283,2,All B are C,All A are B,2.0,0.0,2,2,20,1,0.5,4.05,0.6000000000000001,0.1
69283,3,All B are C,All A are C,2.1,0.3,2,3,20,1,0.5,4.05,0.6000000000000001,0.1
69283,4,All B are C,No A are B,2.75,1.8131,2,8,20,1,0.5,4.05,0.6000000000000001,0.1
