subject_id,mean_number_models_generated_int,mean_number_models_generated_ref,models_change,more_models_ref,more_models_int,same_number_models,model_group_ref
69984,2.0,2.0705128205128203,0.07051282051282026,True,False,False,Gr. 1 (moy ~ 2.08)
70137,2.0,2.074712643678161,0.07471264367816088,True,False,False,Gr. 1 (moy ~ 2.08)
69771,2.0,2.0777777777777775,0.0777777777777775,True,False,False,Gr. 1 (moy ~ 2.08)
69606,2.0,2.0793650793650795,0.07936507936507953,True,False,False,Gr. 1 (moy ~ 2.08)
69809,2.0,2.0804597701149423,0.08045977011494232,True,False,False,Gr. 1 (moy ~ 2.08)
69980,2.0,2.0806451612903225,0.08064516129032251,True,False,False,Gr. 1 (moy ~ 2.08)
70107,2.0,2.0818713450292394,0.08187134502923943,True,False,False,Gr. 1 (moy ~ 2.08)
69630,2.0,2.081967213114754,0.08196721311475397,True,False,False,Gr. 1 (moy ~ 2.08)
69876,2.0,2.083333333333333,0.08333333333333304,True,False,False,Gr. 1 (moy ~ 2.08)
69921,2.0,2.083333333333333,0.08333333333333304,True,False,False,Gr. 1 (moy ~ 2.08)
69743,2.0,2.083333333333333,0.08333333333333304,True,False,False,Gr. 1 (moy ~ 2.08)
70059,2.0,2.083333333333333,0.08333333333333304,True,False,False,Gr. 1 (moy ~ 2.08)
70128,2.0,2.0833333333333335,0.08333333333333348,True,False,False,Gr. 1 (moy ~ 2.08)
70135,2.0,2.0833333333333335,0.08333333333333348,True,False,False,Gr. 1 (moy ~ 2.08)
69745,2.0,2.0833333333333335,0.08333333333333348,True,False,False,Gr. 1 (moy ~ 2.08)
69768,2.0,2.084656084656084,0.08465608465608421,True,False,False,Gr. 1 (moy ~ 2.08)
69923,2.0,2.084656084656084,0.08465608465608421,True,False,False,Gr. 1 (moy ~ 2.08)
69750,2.0,2.084656084656084,0.08465608465608421,True,False,False,Gr. 1 (moy ~ 2.08)
69654,2.0,2.084656084656084,0.08465608465608421,True,False,False,Gr. 1 (moy ~ 2.08)
69623,2.0,2.084656084656084,0.08465608465608421,True,False,False,Gr. 1 (moy ~ 2.08)
70062,2.0,2.0847457627118646,0.08474576271186463,True,False,False,Gr. 1 (moy ~ 2.08)
69670,2.0,2.0860215053763436,0.08602150537634357,True,False,False,Gr. 1 (moy ~ 2.08)
69628,2.0,2.0860215053763436,0.08602150537634357,True,False,False,Gr. 1 (moy ~ 2.08)
70034,2.0,2.0860215053763436,0.08602150537634357,True,False,False,Gr. 1 (moy ~ 2.08)
69837,2.0,2.0860215053763436,0.08602150537634357,True,False,False,Gr. 1 (moy ~ 2.08)
69668,2.0,2.0860215053763436,0.08602150537634357,True,False,False,Gr. 1 (moy ~ 2.08)
69687,2.0,2.0866666666666664,0.08666666666666645,True,False,False,Gr. 1 (moy ~ 2.08)
69830,2.0,2.087719298245614,0.08771929824561386,True,False,False,Gr. 1 (moy ~ 2.08)
69967,2.0,2.087719298245614,0.08771929824561386,True,False,False,Gr. 1 (moy ~ 2.08)
69834,2.0,2.088888888888889,0.08888888888888902,True,False,False,Gr. 1 (moy ~ 2.08)
70112,2.0,2.0903954802259888,0.09039548022598876,True,False,False,Gr. 1 (moy ~ 2.08)
69815,2.0,2.0933333333333333,0.09333333333333327,True,False,False,Gr. 1 (moy ~ 2.08)
69978,2.0,2.0935672514619883,0.0935672514619883,True,False,False,Gr. 1 (moy ~ 2.08)
69862,2.0,2.0935672514619883,0.0935672514619883,True,False,False,Gr. 1 (moy ~ 2.08)
69775,2.0,2.4655172413793105,0.4655172413793105,True,False,False,Gr. 2 (moy ~ 2.52)
70136,2.0,2.4699453551912565,0.46994535519125646,True,False,False,Gr. 2 (moy ~ 2.52)
69790,2.0,2.472222222222222,0.4722222222222219,True,False,False,Gr. 2 (moy ~ 2.52)
69991,2.0,2.4867724867724865,0.4867724867724865,True,False,False,Gr. 2 (moy ~ 2.52)
69718,2.0,2.4885057471264362,0.48850574712643624,True,False,False,Gr. 2 (moy ~ 2.52)
70116,2.0,2.4888888888888885,0.4888888888888885,True,False,False,Gr. 2 (moy ~ 2.52)
69906,2.0,2.4892473118279566,0.48924731182795655,True,False,False,Gr. 2 (moy ~ 2.52)
70131,2.0,2.4946236559139785,0.4946236559139785,True,False,False,Gr. 2 (moy ~ 2.52)
69730,2.0,2.5,0.5,True,False,False,Gr. 2 (moy ~ 2.52)
69824,2.0,2.5,0.5,True,False,False,Gr. 2 (moy ~ 2.52)
69624,2.0,2.5,0.5,True,False,False,Gr. 2 (moy ~ 2.52)
69855,2.0,2.507936507936508,0.5079365079365079,True,False,False,Gr. 2 (moy ~ 2.52)
70115,2.0,2.507936507936508,0.5079365079365079,True,False,False,Gr. 2 (moy ~ 2.52)
69658,2.0,2.511111111111111,0.5111111111111111,True,False,False,Gr. 2 (moy ~ 2.52)
69618,2.0,2.5161290322580645,0.5161290322580645,True,False,False,Gr. 2 (moy ~ 2.52)
69705,2.0,2.5161290322580645,0.5161290322580645,True,False,False,Gr. 2 (moy ~ 2.52)
70140,2.0,2.543859649122807,0.5438596491228069,True,False,False,Gr. 2 (moy ~ 2.52)
69734,2.0,2.55,0.5499999999999998,True,False,False,Gr. 2 (moy ~ 2.52)
69955,2.0,2.5792349726775954,0.5792349726775954,True,False,False,Gr. 2 (moy ~ 2.52)
69947,2.0,2.5819209039548023,0.5819209039548023,True,False,False,Gr. 2 (moy ~ 2.52)
70020,2.0,2.5875706214689265,0.5875706214689265,True,False,False,Gr. 2 (moy ~ 2.52)
69672,2.0,2.592592592592592,0.5925925925925921,True,False,False,Gr. 2 (moy ~ 2.52)
70111,2.0,2.677248677248677,0.6772486772486772,True,False,False,Gr. 2 (moy ~ 2.52)
70133,2.0,3.226190476190476,1.2261904761904758,True,False,False,Gr. 3 (moy ~ 3.64)
70117,2.0,3.3267973856209148,1.3267973856209148,True,False,False,Gr. 3 (moy ~ 3.64)
69746,2.0,3.4365079365079367,1.4365079365079367,True,False,False,Gr. 3 (moy ~ 3.64)
70130,2.0,3.4918032786885247,1.4918032786885247,True,False,False,Gr. 3 (moy ~ 3.64)
69880,2.0,3.49685534591195,1.4968553459119498,True,False,False,Gr. 3 (moy ~ 3.64)
69788,2.0,3.5277777777777777,1.5277777777777777,True,False,False,Gr. 3 (moy ~ 3.64)
70129,2.0,3.557471264367816,1.5574712643678161,True,False,False,Gr. 3 (moy ~ 3.64)
69987,2.0,3.5591397849462365,1.5591397849462365,True,False,False,Gr. 3 (moy ~ 3.64)
69793,2.0,3.5625,1.5625,True,False,False,Gr. 3 (moy ~ 3.64)
69842,2.0,3.5833333333333335,1.5833333333333335,True,False,False,Gr. 3 (moy ~ 3.64)
70033,2.0,3.610169491525424,1.6101694915254239,True,False,False,Gr. 3 (moy ~ 3.64)
69874,2.0,3.6137566137566135,1.6137566137566135,True,False,False,Gr. 3 (moy ~ 3.64)
69666,2.0,3.6236559139784945,1.6236559139784945,True,False,False,Gr. 3 (moy ~ 3.64)
69636,2.0,3.6379310344827585,1.6379310344827585,True,False,False,Gr. 3 (moy ~ 3.64)
69663,2.0,3.639784946236559,1.639784946236559,True,False,False,Gr. 3 (moy ~ 3.64)
69974,2.0,3.639784946236559,1.639784946236559,True,False,False,Gr. 3 (moy ~ 3.64)
69888,2.0,3.650273224043716,1.650273224043716,True,False,False,Gr. 3 (moy ~ 3.64)
69594,2.0,3.6666666666666665,1.6666666666666665,True,False,False,Gr. 3 (moy ~ 3.64)
69755,2.0,3.6666666666666665,1.6666666666666665,True,False,False,Gr. 3 (moy ~ 3.64)
70114,2.0,3.6666666666666665,1.6666666666666665,True,False,False,Gr. 3 (moy ~ 3.64)
69993,2.0,3.6666666666666665,1.6666666666666665,True,False,False,Gr. 3 (moy ~ 3.64)
69933,2.0,3.6666666666666665,1.6666666666666665,True,False,False,Gr. 3 (moy ~ 3.64)
69600,2.0,3.6666666666666665,1.6666666666666665,True,False,False,Gr. 3 (moy ~ 3.64)
69971,2.0,3.6666666666666665,1.6666666666666665,True,False,False,Gr. 3 (moy ~ 3.64)
69719,2.0,3.6777777777777776,1.6777777777777776,True,False,False,Gr. 3 (moy ~ 3.64)
69924,2.0,3.6825396825396823,1.6825396825396823,True,False,False,Gr. 3 (moy ~ 3.64)
69860,2.0,3.693121693121693,1.693121693121693,True,False,False,Gr. 3 (moy ~ 3.64)
69882,2.0,3.693121693121693,1.693121693121693,True,False,False,Gr. 3 (moy ~ 3.64)
69810,2.0,3.693121693121693,1.693121693121693,True,False,False,Gr. 3 (moy ~ 3.64)
70028,2.0,3.694915254237288,1.694915254237288,True,False,False,Gr. 3 (moy ~ 3.64)
69738,2.0,3.704301075268817,1.704301075268817,True,False,False,Gr. 3 (moy ~ 3.64)
69827,2.0,3.704301075268817,1.704301075268817,True,False,False,Gr. 3 (moy ~ 3.64)
70121,2.0,3.7096774193548385,1.7096774193548385,True,False,False,Gr. 3 (moy ~ 3.64)
69784,2.0,3.7150537634408605,1.7150537634408605,True,False,False,Gr. 3 (moy ~ 3.64)
69602,2.0,3.726775956284153,1.7267759562841531,True,False,False,Gr. 3 (moy ~ 3.64)
69807,2.0,3.7426900584795324,1.7426900584795324,True,False,False,Gr. 3 (moy ~ 3.64)
69870,2.0,3.7484276729559745,1.7484276729559745,True,False,False,Gr. 3 (moy ~ 3.64)
69875,2.0,3.7777777777777777,1.7777777777777777,True,False,False,Gr. 3 (moy ~ 3.64)
69900,2.0,3.9619047619047616,1.9619047619047616,True,False,False,Gr. 3 (moy ~ 3.64)
69683,2.0,3.972222222222222,1.9722222222222219,True,False,False,Gr. 3 (moy ~ 3.64)
