subject_id,number_of_model_rows,number_of_task_types,task_types,mean_number_models
63873,4,4,"AC,DA,MP,MT",2.2125
63884,4,4,"AC,DA,MP,MT",2.7375
63885,4,4,"AC,DA,MP,MT",3.5625
63954,4,4,"AC,DA,MP,MT",3.5625
63969,4,4,"AC,DA,MP,MT",2.2125
63977,4,4,"AC,DA,MP,MT",2.2125
63978,4,4,"AC,DA,MP,MT",2.2125
64012,4,4,"AC,DA,MP,MT",3.5625
64037,4,4,"AC,DA,MP,MT",2.2125
64038,4,4,"AC,DA,MP,MT",2.2125
64039,4,4,"AC,DA,MP,MT",2.2125
64065,4,4,"AC,DA,MP,MT",3.5625
64066,4,4,"AC,DA,MP,MT",2.7375
64105,4,4,"AC,DA,MP,MT",2.7375
64116,4,4,"AC,DA,MP,MT",3.5625
64123,4,4,"AC,DA,MP,MT",2.2125
64159,4,4,"AC,DA,MP,MT",3.5625
64189,4,4,"AC,DA,MP,MT",3.5625
64222,4,4,"AC,DA,MP,MT",3.5625
64250,4,4,"AC,DA,MP,MT",3.5625
64258,4,4,"AC,DA,MP,MT",3.5125
64270,4,4,"AC,DA,MP,MT",3.5625
64312,4,4,"AC,DA,MP,MT",2.8875
64363,4,4,"AC,DA,MP,MT",2.2125
64369,4,4,"AC,DA,MP,MT",3.5625
64386,4,4,"AC,DA,MP,MT",3.5625
64388,4,4,"AC,DA,MP,MT",3.5625
64392,4,4,"AC,DA,MP,MT",2.2125
64434,4,4,"AC,DA,MP,MT",3.325
64438,4,4,"AC,DA,MP,MT",3.5625
64450,4,4,"AC,DA,MP,MT",2.2125
64597,4,4,"AC,DA,MP,MT",2.7375
64615,4,4,"AC,DA,MP,MT",2.2125
64652,4,4,"AC,DA,MP,MT",3.5625
64685,4,4,"AC,DA,MP,MT",3.325
64695,4,4,"AC,DA,MP,MT",3.5125
64707,4,4,"AC,DA,MP,MT",2.2125
64708,4,4,"AC,DA,MP,MT",3.5625
64776,4,4,"AC,DA,MP,MT",2.2125
64793,4,4,"AC,DA,MP,MT",2.2125
64806,4,4,"AC,DA,MP,MT",3.5625
64843,4,4,"AC,DA,MP,MT",2.7375
64869,4,4,"AC,DA,MP,MT",2.2125
64871,4,4,"AC,DA,MP,MT",2.7375
64882,4,4,"AC,DA,MP,MT",2.2125
64888,4,4,"AC,DA,MP,MT",3.5625
64890,4,4,"AC,DA,MP,MT",2.7375
64919,4,4,"AC,DA,MP,MT",3.5625
64923,4,4,"AC,DA,MP,MT",2.7375
64926,4,4,"AC,DA,MP,MT",2.8875
64939,4,4,"AC,DA,MP,MT",2.2125
64947,4,4,"AC,DA,MP,MT",2.2125
64973,4,4,"AC,DA,MP,MT",2.2125
64976,4,4,"AC,DA,MP,MT",2.2125
65018,4,4,"AC,DA,MP,MT",2.7375
65021,4,4,"AC,DA,MP,MT",3.5625
65028,4,4,"AC,DA,MP,MT",3.5625
65048,4,4,"AC,DA,MP,MT",2.2125
65063,4,4,"AC,DA,MP,MT",2.2125
65065,4,4,"AC,DA,MP,MT",3.5625
65071,4,4,"AC,DA,MP,MT",2.2125
65079,4,4,"AC,DA,MP,MT",3.5125
65080,4,4,"AC,DA,MP,MT",3.5625
65088,4,4,"AC,DA,MP,MT",2.2125
65112,4,4,"AC,DA,MP,MT",3.5625
65163,4,4,"AC,DA,MP,MT",2.2125
65216,4,4,"AC,DA,MP,MT",3.325
65222,4,4,"AC,DA,MP,MT",2.2125
65278,4,4,"AC,DA,MP,MT",3.5625
65305,4,4,"AC,DA,MP,MT",2.2125
65322,4,4,"AC,DA,MP,MT",3.5625
65323,4,4,"AC,DA,MP,MT",2.2125
65466,4,4,"AC,DA,MP,MT",2.2125
65502,4,4,"AC,DA,MP,MT",3.5625
65527,4,4,"AC,DA,MP,MT",3.5125
65554,4,4,"AC,DA,MP,MT",3.5625
65585,4,4,"AC,DA,MP,MT",3.5625
65600,4,4,"AC,DA,MP,MT",2.2125
65909,4,4,"AC,DA,MP,MT",2.2125
65973,4,4,"AC,DA,MP,MT",3.5625
65995,4,4,"AC,DA,MP,MT",2.2125
66020,4,4,"AC,DA,MP,MT",2.2125
66022,4,4,"AC,DA,MP,MT",2.2125
66036,4,4,"AC,DA,MP,MT",2.7375
66050,4,4,"AC,DA,MP,MT",2.2125
66057,4,4,"AC,DA,MP,MT",3.5625
66073,4,4,"AC,DA,MP,MT",2.2125
66085,4,4,"AC,DA,MP,MT",3.5625
66087,4,4,"AC,DA,MP,MT",3.5625
66089,4,4,"AC,DA,MP,MT",3.5625
66121,4,4,"AC,DA,MP,MT",3.5625
66151,4,4,"AC,DA,MP,MT",3.5625
66157,4,4,"AC,DA,MP,MT",3.325
66201,4,4,"AC,DA,MP,MT",2.7375
66206,4,4,"AC,DA,MP,MT",3.5625
66275,4,4,"AC,DA,MP,MT",2.4375
66305,4,4,"AC,DA,MP,MT",2.2125
66312,4,4,"AC,DA,MP,MT",3.5625
66314,4,4,"AC,DA,MP,MT",2.7375
66373,4,4,"AC,DA,MP,MT",2.7375
66420,4,4,"AC,DA,MP,MT",2.8875
66520,4,4,"AC,DA,MP,MT",3.5625
67013,4,4,"AC,DA,MP,MT",2.7375
67024,4,4,"AC,DA,MP,MT",2.2125
67026,4,4,"AC,DA,MP,MT",2.2125
67038,4,4,"AC,DA,MP,MT",3.5625
67058,4,4,"AC,DA,MP,MT",3.5625
67100,4,4,"AC,DA,MP,MT",2.2125
67105,4,4,"AC,DA,MP,MT",3.5625
67144,4,4,"AC,DA,MP,MT",2.7375
67165,4,4,"AC,DA,MP,MT",3.5625
67179,4,4,"AC,DA,MP,MT",2.7375
67180,4,4,"AC,DA,MP,MT",3.5625
67186,4,4,"AC,DA,MP,MT",2.4375
67194,4,4,"AC,DA,MP,MT",2.7375
67212,4,4,"AC,DA,MP,MT",2.2125
67245,4,4,"AC,DA,MP,MT",2.7375
67311,4,4,"AC,DA,MP,MT",3.5625
67317,4,4,"AC,DA,MP,MT",3.5625
67323,4,4,"AC,DA,MP,MT",2.4375
67339,4,4,"AC,DA,MP,MT",2.2125
67424,4,4,"AC,DA,MP,MT",3.5625
67454,4,4,"AC,DA,MP,MT",2.2125
68007,4,4,"AC,DA,MP,MT",3.5625
68016,4,4,"AC,DA,MP,MT",2.2125
68027,4,4,"AC,DA,MP,MT",2.7375
68051,4,4,"AC,DA,MP,MT",3.5625
68124,4,4,"AC,DA,MP,MT",2.7375
68138,4,4,"AC,DA,MP,MT",2.7375
68193,4,4,"AC,DA,MP,MT",3.5625
68195,4,4,"AC,DA,MP,MT",3.5125
68200,4,4,"AC,DA,MP,MT",2.7375
68255,4,4,"AC,DA,MP,MT",2.2125
68293,4,4,"AC,DA,MP,MT",2.8875
68411,4,4,"AC,DA,MP,MT",3.5625
68425,4,4,"AC,DA,MP,MT",3.5625
68426,4,4,"AC,DA,MP,MT",2.8875
68542,4,4,"AC,DA,MP,MT",3.5625
68549,4,4,"AC,DA,MP,MT",3.5625
68786,4,4,"AC,DA,MP,MT",3.5625
68800,4,4,"AC,DA,MP,MT",2.2125
68832,4,4,"AC,DA,MP,MT",3.5625
68850,4,4,"AC,DA,MP,MT",3.5625
68881,4,4,"AC,DA,MP,MT",2.2125
68882,4,4,"AC,DA,MP,MT",3.5625
68896,4,4,"AC,DA,MP,MT",3.5625
68906,4,4,"AC,DA,MP,MT",2.2125
68939,4,4,"AC,DA,MP,MT",2.7375
68987,4,4,"AC,DA,MP,MT",3.5625
69019,4,4,"AC,DA,MP,MT",3.5125
69283,4,4,"AC,DA,MP,MT",2.2125
