subject_id,subject_n_trials,subject_n_accuracy_trials,subject_correct_count,subject_accuracy,subject_mean_confidence,subject_median_confidence,subject_std_confidence,subject_n_confidence_values,subject_zero_confidence_rate,subject_hundred_confidence_rate,subject_condition_count,subject_condition,subject_mean_models,subject_median_models,subject_std_models_across_trials,subject_min_models,subject_max_models,subject_n_model_trials,subject_n_distinct_model_values
63873,64,64,35,0.546875,99.328125,100.0,3.6035903062415544,4,0.0,0.9375,1,Standard,2.2125,2.175,0.18300837000548228,2.0,2.5,64,4
63884,64,64,35,0.546875,68.03125,70.0,20.97691001954897,43,0.0,0.015625,1,Neutral,2.7375,2.375,0.8665750867365051,2.0,4.2,64,4
63885,64,64,31,0.484375,92.6875,100.0,15.001454955891802,18,0.0,0.6875,1,Standard,3.5625,2.8,1.8269151725296522,2.0,6.65,64,4
63954,64,64,49,0.765625,51.25,57.0,15.421074016083438,34,0.0,0.0,1,Neutral,3.5625,2.8,1.8269151725296522,2.0,6.65,64,4
63969,64,64,32,0.5,88.5625,93.0,12.109126821573568,26,0.0,0.28125,1,Standard,2.2125,2.05,0.3154739442867026,2.0,2.75,64,3
63977,64,64,41,0.640625,91.171875,100.0,16.422550009347635,22,0.0,0.53125,1,Neutral,2.2125,2.05,0.31547394428670256,2.0,2.75,64,3
63978,64,64,30,0.46875,91.1875,100.0,17.388077469784808,17,0.0,0.640625,1,Standard,2.2125,2.05,0.3154739442867026,2.0,2.75,64,3
64012,64,64,59,0.921875,72.5625,74.0,9.5333583083256,30,0.0,0.0,1,Standard,3.5625,2.8,1.826915172529652,2.0,6.65,64,4
64037,64,64,44,0.6875,67.734375,68.5,9.16730246712791,29,0.0,0.0,1,Neutral,2.2125,2.05,0.3154739442867026,2.0,2.75,64,3
64038,64,64,36,0.5625,69.625,70.5,8.573676953789226,25,0.0,0.0,1,Neutral,2.2125,2.05,0.3154739442867024,2.0,2.75,64,3
64039,64,64,34,0.53125,70.828125,69.0,7.533111432677921,24,0.0,0.015625,1,Standard,2.2125,2.05,0.3154739442867025,2.0,2.75,64,3
64065,64,64,39,0.609375,50.796875,50.0,6.2746142295888365,6,0.0,0.015625,1,Standard,3.5625,2.8,1.826915172529652,2.0,6.65,64,4
64066,64,64,39,0.609375,86.671875,91.0,15.86956224829094,24,0.0,0.203125,1,Standard,2.7375,2.375,0.866575086736505,2.0,4.2,64,4
64105,64,64,34,0.53125,59.984375,62.0,13.874141972611874,33,0.0,0.0,1,Standard,2.7375,2.375,0.8665750867365051,2.0,4.2,64,4
64116,64,64,47,0.734375,70.46875,69.0,12.05538640068585,29,0.0,0.046875,1,Neutral,3.5625,2.8,1.8269151725296522,2.0,6.65,64,4
64123,64,64,40,0.625,71.453125,68.5,27.019645814122637,27,0.03125,0.34375,1,Neutral,2.2125,2.05,0.31547394428670256,2.0,2.75,64,3
64159,64,64,50,0.78125,64.015625,66.0,21.0083068887841,34,0.0,0.109375,1,Standard,3.5625,2.8,1.826915172529652,2.0,6.65,64,4
64189,64,64,57,0.890625,65.71875,74.0,19.567927070624265,28,0.0,0.0,1,Standard,3.5625,2.8,1.826915172529652,2.0,6.65,64,4
64222,64,64,60,0.9375,59.375,64.5,27.433324654283183,45,0.03125,0.0625,1,Standard,3.5625,2.8,1.826915172529652,2.0,6.65,64,4
64258,64,64,41,0.640625,49.78125,46.0,7.674879141802157,18,0.0,0.0,1,Neutral,3.5125,2.725,1.8283047920678905,2.0,6.6,64,4
64270,64,64,58,0.90625,62.484375,64.0,16.04259428363151,36,0.0,0.03125,1,Neutral,3.5625,2.8,1.826915172529652,2.0,6.65,64,4
64312,64,64,33,0.515625,67.546875,72.5,21.341463991897566,31,0.0,0.0,1,Neutral,2.8875,2.425,1.0704545837507615,2.0,4.7,64,4
64363,64,64,33,0.515625,98.234375,100.0,12.49220987414487,5,0.015625,0.875,1,Neutral,2.2125,2.05,0.3154739442867026,2.0,2.75,64,3
64369,64,64,32,0.5,97.828125,100.0,6.972860512742152,9,0.0,0.859375,1,Standard,3.5625,2.8,1.826915172529652,2.0,6.65,64,4
64386,64,64,41,0.640625,58.09375,51.0,17.898052345933568,23,0.0,0.09375,1,Standard,3.5625,2.8,1.8269151725296517,2.0,6.65,64,4
64388,64,64,33,0.515625,61.453125,66.0,24.77129014557358,38,0.015625,0.03125,1,Standard,3.5625,2.8,1.8269151725296517,2.0,6.65,64,4
64392,64,64,38,0.59375,50.328125,50.0,0.909468491212277,6,0.0,0.0,1,Neutral,2.2125,2.05,0.31547394428670256,2.0,2.75,64,3
64438,64,64,40,0.625,68.90625,66.5,20.22862873837277,40,0.0,0.03125,1,Standard,3.5625,2.8,1.8269151725296522,2.0,6.65,64,4
64450,64,64,31,0.484375,88.484375,87.0,1.5633926021865032,3,0.0,0.0,1,Neutral,2.2125,2.175,0.18300837000548228,2.0,2.5,64,4
64615,64,64,33,0.515625,92.34375,100.0,9.982872236748205,21,0.0,0.515625,1,Standard,2.2125,2.175,0.18300837000548223,2.0,2.5,64,4
64652,64,64,62,0.96875,86.78125,89.0,8.765858644638172,27,0.0,0.015625,1,Neutral,3.5625,2.8,1.826915172529652,2.0,6.65,64,4
64685,64,64,46,0.71875,79.546875,98.0,27.134544074718796,23,0.015625,0.484375,1,Neutral,3.325,2.575,1.6655234174181566,2.0,6.15,64,4
64695,64,64,34,0.53125,62.734375,50.0,23.564327483760373,22,0.0,0.171875,1,Standard,3.5125,2.725,1.8283047920678903,2.0,6.6,64,4
64707,64,64,30,0.46875,92.421875,100.0,17.549752123696067,12,0.0,0.765625,1,Standard,2.2125,2.05,0.31547394428670245,2.0,2.75,64,3
64708,64,64,62,0.96875,99.578125,100.0,1.9583333333333297,4,0.0,0.9375,1,Standard,3.5625,2.8,1.8269151725296522,2.0,6.65,64,4
64776,64,64,36,0.5625,74.6875,76.5,12.823434648738859,29,0.0,0.046875,1,Standard,2.2125,2.05,0.31547394428670256,2.0,2.75,64,3
64793,64,64,34,0.53125,89.109375,100.0,24.23962202249967,7,0.015625,0.8125,1,Standard,2.2125,2.05,0.3154739442867025,2.0,2.75,64,3
64806,64,64,32,0.5,97.828125,100.0,12.34498122752467,6,0.0,0.65625,1,Standard,3.5625,2.8,1.8269151725296526,2.0,6.65,64,4
64843,64,64,33,0.515625,94.5,100.0,14.72607017697331,15,0.0,0.75,1,Standard,2.7375,2.375,0.8665750867365049,2.0,4.2,64,4
64869,64,64,33,0.515625,66.703125,67.0,5.113566417671373,21,0.0,0.0,1,Neutral,2.2125,2.05,0.31547394428670256,2.0,2.75,64,3
64871,64,64,34,0.53125,61.90625,66.0,14.421895556013833,23,0.0,0.0,1,Neutral,2.7375,2.375,0.866575086736505,2.0,4.2,64,4
64882,64,64,28,0.4375,79.359375,77.0,9.984698114042882,26,0.0,0.078125,1,Standard,2.2125,2.05,0.3154739442867026,2.0,2.75,64,3
64888,64,64,58,0.90625,85.125,87.0,9.924316777091684,22,0.0,0.0,1,Neutral,3.5625,2.8,1.826915172529652,2.0,6.65,64,4
64890,64,64,34,0.53125,63.203125,63.5,17.479402560982702,35,0.0,0.046875,1,Neutral,2.7375,2.375,0.866575086736505,2.0,4.2,64,4
64919,64,64,51,0.796875,71.046875,73.0,7.925105151773484,26,0.0,0.0,1,Standard,3.5625,2.8,1.8269151725296517,2.0,6.65,64,4
64923,64,64,34,0.53125,77.078125,80.0,18.168789467498538,33,0.0,0.09375,1,Neutral,2.7375,2.375,0.8665750867365049,2.0,4.2,64,4
64926,64,64,35,0.546875,71.46875,71.0,6.8265791242526825,24,0.0,0.015625,1,Standard,2.8875,2.425,1.0704545837507615,2.0,4.7,64,4
64939,64,64,32,0.5,62.84375,54.0,16.798732709193295,28,0.0,0.0625,1,Standard,2.2125,2.05,0.3154739442867025,2.0,2.75,64,3
64947,64,64,30,0.46875,66.375,69.5,11.374574821985762,26,0.0,0.0,1,Standard,2.2125,2.175,0.18300837000548223,2.0,2.5,64,4
64973,64,64,33,0.515625,67.421875,67.0,18.42600361247615,42,0.0,0.078125,1,Standard,2.2125,2.175,0.18300837000548226,2.0,2.5,64,4
64976,64,64,32,0.5,59.421875,59.5,7.150989913713463,22,0.0,0.0,1,Neutral,2.2125,2.05,0.31547394428670245,2.0,2.75,64,3
65018,64,64,38,0.59375,34.53125,33.0,6.6092017384134625,20,0.0,0.0,1,Neutral,2.7375,2.375,0.8665750867365051,2.0,4.2,64,4
65021,64,64,39,0.609375,85.0,100.0,22.298124342786085,25,0.015625,0.546875,1,Standard,3.5625,2.8,1.8269151725296522,2.0,6.65,64,4
65028,64,64,50,0.78125,56.03125,50.0,11.670025026836234,26,0.0,0.0,1,Neutral,3.5625,2.8,1.8269151725296517,2.0,6.65,64,4
65048,64,64,34,0.53125,74.875,75.0,16.49675292725381,31,0.0,0.078125,1,Neutral,2.2125,2.05,0.3154739442867026,2.0,2.75,64,3
65063,64,64,38,0.59375,98.03125,100.0,12.501388811736966,7,0.015625,0.8125,1,Standard,2.2125,2.175,0.1830083700054823,2.0,2.5,64,4
65065,64,64,49,0.765625,67.125,64.0,13.566415114082975,27,0.0,0.078125,1,Neutral,3.5625,2.8,1.8269151725296526,2.0,6.65,64,4
65071,64,64,34,0.53125,71.265625,73.0,7.785297880957292,24,0.0,0.0,1,Neutral,2.2125,2.05,0.31547394428670256,2.0,2.75,64,3
65079,64,64,46,0.71875,55.65625,52.0,14.117667362069122,26,0.0,0.015625,1,Neutral,3.5125,2.725,1.8283047920678905,2.0,6.6,64,4
65080,64,64,34,0.53125,84.984375,96.5,18.740070121923317,23,0.0,0.453125,1,Standard,3.5625,2.8,1.8269151725296517,2.0,6.65,64,4
65088,64,64,30,0.46875,90.328125,100.0,17.682432037979893,19,0.0,0.59375,1,Neutral,2.2125,2.175,0.18300837000548234,2.0,2.5,64,4
65112,64,64,31,0.484375,78.046875,84.5,23.015819050976692,38,0.0,0.171875,1,Standard,3.5625,2.8,1.8269151725296517,2.0,6.65,64,4
65163,64,64,35,0.546875,75.265625,78.5,23.78157362429196,40,0.0,0.21875,1,Standard,2.2125,2.175,0.18300837000548223,2.0,2.5,64,4
65222,64,64,32,0.5,59.28125,59.5,15.258064482300231,33,0.0,0.0,1,Neutral,2.2125,2.05,0.3154739442867025,2.0,2.75,64,3
65278,64,64,34,0.53125,85.34375,100.0,21.055647170718306,22,0.0,0.609375,1,Standard,3.5625,2.8,1.8269151725296522,2.0,6.65,64,4
65305,64,64,39,0.609375,84.8125,92.0,21.264677470784925,28,0.0,0.203125,1,Neutral,2.2125,2.05,0.3154739442867026,2.0,2.75,64,3
65322,64,64,52,0.8125,76.390625,78.0,20.79042605326285,26,0.0,0.328125,1,Neutral,3.5625,2.8,1.8269151725296515,2.0,6.65,64,4
65323,64,64,35,0.546875,67.609375,73.0,21.796036619110073,38,0.0,0.0,1,Standard,2.2125,2.05,0.3154739442867025,2.0,2.75,64,3
65466,64,64,32,0.5,100.0,100.0,0.0,1,0.0,1.0,1,Standard,2.2125,2.05,0.31547394428670256,2.0,2.75,64,3
65502,64,64,49,0.765625,67.5,60.5,16.01190033634209,14,0.0,0.1875,1,Neutral,3.5625,2.8,1.8269151725296517,2.0,6.65,64,4
65554,64,64,36,0.5625,93.75,100.0,24.397501823713327,2,0.0625,0.9375,1,Standard,3.5625,2.8,1.826915172529652,2.0,6.65,64,4
65585,64,64,36,0.5625,70.46875,70.0,4.608373159218248,17,0.0,0.0,1,Neutral,3.5625,2.8,1.826915172529652,2.0,6.65,64,4
65909,64,64,38,0.59375,60.484375,60.0,1.8256739351429412,9,0.0,0.0,1,Neutral,2.2125,2.05,0.3154739442867026,2.0,2.75,64,3
65973,64,64,63,0.984375,61.21875,61.0,11.298923603740958,32,0.0,0.015625,1,Standard,3.5625,2.8,1.8269151725296522,2.0,6.65,64,4
65995,64,64,31,0.484375,89.859375,91.0,12.333805895065108,20,0.015625,0.046875,1,Neutral,2.2125,2.05,0.3154739442867025,2.0,2.75,64,3
66020,64,64,33,0.515625,72.875,76.5,26.190692639798225,41,0.015625,0.171875,1,Neutral,2.2125,2.05,0.31547394428670256,2.0,2.75,64,3
66022,64,64,36,0.5625,53.34375,54.0,11.512889601838758,31,0.0,0.0,1,Neutral,2.2125,2.05,0.3154739442867025,2.0,2.75,64,3
66036,64,64,31,0.484375,95.640625,100.0,15.92877718032108,7,0.0,0.765625,1,Standard,2.7375,2.375,0.866575086736505,2.0,4.2,64,4
66050,64,64,38,0.59375,61.4375,64.5,16.418993066973787,34,0.0,0.0,1,Neutral,2.2125,2.05,0.3154739442867026,2.0,2.75,64,3
66057,64,64,53,0.828125,75.1875,85.0,29.967641278711344,28,0.0,0.453125,1,Standard,3.5625,2.8,1.8269151725296522,2.0,6.65,64,4
66073,64,64,41,0.640625,87.4375,100.0,23.26580364070019,20,0.0,0.640625,1,Standard,2.2125,2.05,0.3154739442867026,2.0,2.75,64,3
66085,64,64,54,0.84375,85.8125,91.0,15.521490478258414,33,0.0,0.234375,1,Neutral,3.5625,2.8,1.8269151725296522,2.0,6.65,64,4
66087,64,64,33,0.515625,64.078125,88.5,43.051945253140005,21,0.21875,0.1875,1,Neutral,3.5625,2.8,1.8269151725296517,2.0,6.65,64,4
66089,64,64,55,0.859375,62.78125,66.0,14.842526578655509,30,0.015625,0.0,1,Standard,3.5625,2.8,1.8269151725296522,2.0,6.65,64,4
66121,64,64,51,0.796875,70.921875,69.5,15.622841120696963,42,0.0,0.015625,1,Neutral,3.5625,2.8,1.8269151725296517,2.0,6.65,64,4
66151,64,64,56,0.875,62.796875,70.0,20.43897590661311,35,0.0,0.0,1,Neutral,3.5625,2.8,1.826915172529652,2.0,6.65,64,4
66157,64,64,42,0.65625,41.015625,54.0,18.11996372285166,25,0.0,0.0,1,Standard,3.325,2.575,1.6655234174181563,2.0,6.15,64,4
66201,64,64,32,0.5,68.25,73.0,22.411731621758154,40,0.0,0.0,1,Neutral,2.7375,2.375,0.8665750867365049,2.0,4.2,64,4
66206,64,64,36,0.5625,79.453125,80.0,22.00283508969076,22,0.03125,0.40625,1,Standard,3.5625,2.8,1.826915172529652,2.0,6.65,64,4
66275,64,64,34,0.53125,78.46875,82.5,21.994926363011217,35,0.0,0.3125,1,Neutral,2.4375,2.35,0.3909694909544002,2.0,3.05,64,4
66305,64,64,34,0.53125,95.28125,100.0,14.787885163844345,3,0.0,0.90625,1,Neutral,2.2125,2.05,0.3154739442867026,2.0,2.75,64,3
66312,64,64,53,0.828125,64.71875,70.0,17.638763904069126,32,0.0,0.015625,1,Neutral,3.5625,2.8,1.826915172529652,2.0,6.65,64,4
66314,64,64,35,0.546875,53.9375,54.0,2.8997810535849378,14,0.0,0.0,1,Standard,2.7375,2.375,0.866575086736505,2.0,4.2,64,4
66373,64,64,33,0.515625,76.515625,85.0,21.633301920514285,37,0.0,0.0625,1,Neutral,2.7375,2.375,0.866575086736505,2.0,4.2,64,4
66420,64,64,33,0.515625,69.84375,68.0,11.792139903005882,20,0.0,0.078125,1,Standard,2.8875,2.425,1.0704545837507617,2.0,4.7,64,4
66520,64,64,59,0.921875,98.125,100.0,12.472827609304499,4,0.015625,0.71875,1,Neutral,3.5625,2.8,1.826915172529652,2.0,6.65,64,4
67013,64,64,44,0.6875,75.265625,75.5,3.5016648534706665,15,0.0,0.0,1,Standard,2.7375,2.375,0.866575086736505,2.0,4.2,64,4
67024,64,64,34,0.53125,92.484375,96.5,13.63118761493843,24,0.0,0.421875,1,Standard,2.2125,2.175,0.18300837000548226,2.0,2.5,64,4
67026,64,64,31,0.484375,79.671875,87.5,24.43914027499643,33,0.03125,0.078125,1,Neutral,2.2125,2.175,0.18300837000548223,2.0,2.5,64,4
67038,64,64,36,0.5625,74.390625,81.5,26.695589783499607,40,0.015625,0.15625,1,Standard,3.5625,2.8,1.826915172529652,2.0,6.65,64,4
67058,64,64,36,0.5625,99.5625,100.0,1.2832869503058886,7,0.0,0.84375,1,Standard,3.5625,2.8,1.8269151725296522,2.0,6.65,64,4
67100,64,64,32,0.5,81.4375,81.0,15.218905327423503,32,0.0,0.1875,1,Standard,2.2125,2.175,0.1830083700054823,2.0,2.5,64,4
67105,64,64,46,0.71875,71.046875,70.0,5.25063771637041,23,0.0,0.0,1,Standard,3.5625,2.8,1.826915172529652,2.0,6.65,64,4
67144,64,64,44,0.6875,86.28125,100.0,23.48553675154001,13,0.0,0.6875,1,Neutral,2.7375,2.375,0.866575086736505,2.0,4.2,64,4
67179,64,64,38,0.59375,73.71875,77.5,22.331178822871127,33,0.015625,0.15625,1,Standard,2.7375,2.375,0.866575086736505,2.0,4.2,64,4
67180,64,64,34,0.53125,65.6875,76.0,31.57851137961353,32,0.046875,0.21875,1,Standard,3.5625,2.8,1.826915172529652,2.0,6.65,64,4
67186,64,64,34,0.53125,83.515625,89.0,19.3267576563669,33,0.0,0.125,1,Standard,2.4375,2.35,0.3909694909544002,2.0,3.05,64,4
67194,64,64,42,0.65625,47.28125,50.0,12.192202491236015,12,0.046875,0.0,1,Neutral,2.7375,2.375,0.8665750867365051,2.0,4.2,64,4
67212,64,64,33,0.515625,96.890625,100.0,9.629843143491692,11,0.0,0.65625,1,Neutral,2.2125,2.05,0.3154739442867025,2.0,2.75,64,3
67245,64,64,39,0.609375,74.484375,75.0,9.329918061362916,27,0.0,0.0,1,Neutral,2.7375,2.375,0.866575086736505,2.0,4.2,64,4
67311,64,64,56,0.875,91.078125,100.0,11.724759702414593,14,0.0,0.578125,1,Standard,3.5625,2.8,1.8269151725296524,2.0,6.65,64,4
67323,64,64,33,0.515625,64.453125,66.0,11.397479096796133,31,0.0,0.0,1,Standard,2.4375,2.35,0.3909694909544001,2.0,3.05,64,4
67339,64,64,36,0.5625,65.0,77.5,28.748498925616808,41,0.015625,0.0,1,Standard,2.2125,2.05,0.31547394428670256,2.0,2.75,64,3
67424,64,64,62,0.96875,100.0,100.0,0.0,1,0.0,1.0,1,Neutral,3.5625,2.8,1.826915172529652,2.0,6.65,64,4
67454,64,64,38,0.59375,71.34375,69.5,18.261955205741465,40,0.0,0.078125,1,Neutral,2.2125,2.05,0.3154739442867025,2.0,2.75,64,3
68007,64,64,34,0.53125,92.203125,99.0,17.618694695628783,19,0.0,0.4375,1,Standard,3.5625,2.8,1.826915172529652,2.0,6.65,64,4
68016,64,64,26,0.40625,64.140625,63.5,22.589411192323563,41,0.015625,0.0625,1,Neutral,2.2125,2.05,0.3154739442867024,2.0,2.75,64,3
68027,64,64,31,0.484375,78.75,79.0,9.770379596531416,29,0.0,0.015625,1,Neutral,2.7375,2.375,0.8665750867365049,2.0,4.2,64,4
68051,64,64,53,0.828125,63.15625,65.0,23.702667956455205,38,0.0,0.078125,1,Standard,3.5625,2.8,1.8269151725296522,2.0,6.65,64,4
68124,64,64,47,0.734375,95.796875,100.0,11.603474695107495,9,0.0,0.84375,1,Neutral,2.7375,2.375,0.866575086736505,2.0,4.2,64,4
68138,64,64,35,0.546875,78.71875,80.0,21.574874238629953,28,0.03125,0.28125,1,Standard,2.7375,2.375,0.866575086736505,2.0,4.2,64,4
68193,64,64,47,0.734375,67.71875,56.0,20.603951501115453,24,0.0,0.140625,1,Standard,3.5625,2.8,1.8269151725296517,2.0,6.65,64,4
68200,64,64,32,0.5,85.84375,88.5,15.259884904598307,28,0.0,0.328125,1,Neutral,2.7375,2.375,0.8665750867365049,2.0,4.2,64,4
68255,64,64,35,0.546875,68.484375,67.5,23.583012575641327,34,0.015625,0.1875,1,Neutral,2.2125,2.05,0.3154739442867026,2.0,2.75,64,3
68293,64,64,37,0.578125,80.0,86.0,12.720437249148468,30,0.0,0.0,1,Standard,2.8875,2.425,1.0704545837507615,2.0,4.7,64,4
68411,64,64,59,0.921875,94.90625,100.0,19.433826466013095,5,0.03125,0.921875,1,Neutral,3.5625,2.8,1.8269151725296522,2.0,6.65,64,4
68426,64,64,32,0.5,69.5,65.5,23.739993714980233,35,0.0,0.15625,1,Standard,2.8875,2.425,1.0704545837507615,2.0,4.7,64,4
68542,64,64,48,0.75,69.984375,78.5,28.386500361576413,27,0.0,0.3125,1,Neutral,3.5625,2.8,1.826915172529652,2.0,6.65,64,4
68549,64,64,52,0.8125,66.546875,67.0,11.865555977314912,32,0.0,0.0,1,Neutral,3.5625,2.8,1.8269151725296522,2.0,6.65,64,4
68786,64,64,49,0.765625,71.3125,72.0,15.72468991795619,35,0.015625,0.03125,1,Neutral,3.5625,2.8,1.826915172529652,2.0,6.65,64,4
68800,64,64,41,0.640625,96.5,100.0,12.911173947337737,11,0.0,0.6875,1,Neutral,2.2125,2.05,0.31547394428670256,2.0,2.75,64,3
68832,64,64,50,0.78125,76.703125,79.0,10.342821584719207,35,0.0,0.0,1,Neutral,3.5625,2.8,1.826915172529652,2.0,6.65,64,4
68850,64,64,43,0.671875,97.703125,100.0,12.897249229909946,3,0.0,0.96875,1,Standard,3.5625,2.8,1.8269151725296517,2.0,6.65,64,4
68881,64,64,33,0.515625,96.96875,100.0,13.598516200569195,6,0.015625,0.921875,1,Standard,2.2125,2.175,0.18300837000548223,2.0,2.5,64,4
68882,64,64,44,0.6875,82.921875,100.0,24.917199190041213,21,0.0,0.515625,1,Neutral,3.5625,2.8,1.826915172529652,2.0,6.65,64,4
68896,64,64,42,0.65625,81.75,83.0,15.255496017178817,34,0.0,0.25,1,Standard,3.5625,2.8,1.826915172529652,2.0,6.65,64,4
68906,64,64,29,0.453125,63.03125,70.0,21.242342224307638,35,0.03125,0.015625,1,Neutral,2.2125,2.05,0.31547394428670267,2.0,2.75,64,3
68939,64,64,32,0.5,94.21875,100.0,8.943329073708226,18,0.0,0.5625,1,Standard,2.7375,2.375,0.866575086736505,2.0,4.2,64,4
68987,64,64,52,0.8125,94.890625,100.0,14.211684425371578,16,0.0,0.640625,1,Standard,3.5625,2.8,1.826915172529652,2.0,6.65,64,4
69019,64,64,41,0.640625,65.15625,50.0,22.899517392849056,7,0.0,0.234375,1,Neutral,3.5125,2.725,1.828304792067891,2.0,6.6,64,4
69283,64,64,36,0.5625,86.625,92.0,14.33333333333334,30,0.0,0.109375,1,Neutral,2.2125,2.05,0.3154739442867026,2.0,2.75,64,3
